id,sett_prod,anno,imballo,lotto,desc1,desc2,desc3,q_iniz,mov,magazzino,mv,mo,cv,co,ce,contratto,acquirente,created_at,updated_at,rt,lotto_padre,anno_raccolta,conto_lavoro
3,43,2025,BIG BAG N° 5,S106/2025,BIOLOGICHE,SGUSCIATE,11/13,1000,0,Vignanello,0.003,0.0233,0,0.1333,0,,,2026-06-23T14:23:24.64299+00:00,2026-06-23T14:23:24.64299+00:00,0,,2025,false
4,43,2025,BIG BAG N° 7,S106/2025,BIOLOGICHE,SGUSCIATE,11/13,600,0,Vignanello,0.001,0.03,0,0.0866,0,,,2026-06-23T14:23:24.64299+00:00,2026-06-23T14:23:24.64299+00:00,0,,2025,false
5,43,2025,BIG BAG N° 8,S106/2025,BIOLOGICHE,SGUSCIATE,11/13,496,0,Vignanello,0.003,0.02,0,0.15,0,,,2026-06-23T14:23:24.64299+00:00,2026-06-23T14:23:24.64299+00:00,0,,2025,false
6,15,2026,BIG BAG N° 1,S109/2025,BIOLOGICHE,SGUSCIATE,11/13,977,0,Vignanello,0.002,0.0466,0,0.1266,0,,,2026-06-23T14:23:24.64299+00:00,2026-06-23T14:23:24.64299+00:00,0,,2025,false
7,40,2025,BIG BAG N°11,S120/2025,BIOLOGICHE,SGUSCIATE,13/15,1000,0,Vignanello,0,0.0233,0,0.1133,0,,,2026-06-23T14:23:24.64299+00:00,2026-06-23T14:23:24.64299+00:00,0,,2025,false
8,42,2025,BIG BAG N°5,S121/2025,BIOLOGICHE,SGUSCIATE,13/15,300,0,Vignanello,0,0.0166,0,0.0833,0,,,2026-06-23T14:23:24.64299+00:00,2026-06-23T14:23:24.64299+00:00,0,,2025,false
9,43,2025,BIG BAG N° 1,S106/2025,BIOLOGICHE,SGUSCIATE,13/15,1000,0,Vignanello,0,0.0366,0,0.0833,0,,,2026-06-23T14:23:24.64299+00:00,2026-06-23T14:23:24.64299+00:00,0,,2025,false
10,43,2025,BIG BAG N° 6,S106/2025,BIOLOGICHE,SGUSCIATE,13/15,1000,0,Vignanello,0,0.0233,0,0.0966,0,,,2026-06-23T14:23:24.64299+00:00,2026-06-23T14:23:24.64299+00:00,0,,2025,false
11,43,2025,BIG BAG N° 7,S106/2025,BIOLOGICHE,SGUSCIATE,13/15,1000,0,Vignanello,0.003,0.0433,0,0.1666,0,,,2026-06-23T14:23:24.64299+00:00,2026-06-23T14:23:24.64299+00:00,0,,2025,false
12,43,2025,BIG BAG N° 8,S106/2025,BIOLOGICHE,SGUSCIATE,13/15,1000,0,Vignanello,0.001,0.0166,0,0.12,0,,,2026-06-23T14:23:24.64299+00:00,2026-06-23T14:23:24.64299+00:00,0,,2025,false
13,43,2025,BIG BAG N° 9,S106/2025,BIOLOGICHE,SGUSCIATE,13/15,1000,0,Vignanello,0.002,0.04,0,0.1133,0,,,2026-06-23T14:23:24.64299+00:00,2026-06-23T14:23:24.64299+00:00,0,,2025,false
14,43,2025,BIG BAG N° 10,S106/2025,BIOLOGICHE,SGUSCIATE,13/15,1000,0,Vignanello,0.002,0.0366,0,0.1,0,,,2026-06-23T14:23:24.64299+00:00,2026-06-23T14:23:24.64299+00:00,0,,2025,false
15,43,2025,BIG BAG N° 11,S106/2025,BIOLOGICHE,SGUSCIATE,13/15,1000,0,Vignanello,0.002,0.04,0,0.1333,0,,,2026-06-23T14:23:24.64299+00:00,2026-06-23T14:23:24.64299+00:00,0,,2025,false
16,15,2026,BIG BAG N° 1,S109/2025,BIOLOGICHE,SGUSCIATE,13/15,1000,0,Vignanello,0.001,0.05,0,0.11,0,,,2026-06-23T14:23:24.64299+00:00,2026-06-23T14:23:24.64299+00:00,0,,2025,false
17,15,2026,BIG BAG N° 2,S109/2025,BIOLOGICHE,SGUSCIATE,13/15,670,0,Vignanello,0.001,0.05,0,0.11,0,,,2026-06-23T14:23:24.64299+00:00,2026-06-23T14:23:24.64299+00:00,0,,2025,false
18,43,2025,BIG BAG,VARI,BIOLOGICHE,SCARTI,13/15,560,0,Vignanello,0.359,0.09,0,0.37,0.026,,,2026-06-23T14:23:24.64299+00:00,2026-06-23T14:23:24.64299+00:00,0,,2025,false
19,43,2025,BIG BAG,VARI,BIOLOGICHE,SCARTI,11/13,415,0,Vignanello,0.426,0.12,0,0.29,0.018,,,2026-06-23T14:23:24.64299+00:00,2026-06-23T14:23:24.64299+00:00,0,,2025,false
20,45,2025,BIG BAG N°3,S102/2025,FAIR FOR LIFE,SGUSCIATE,9/11,746,0,Vignanello,0.003,0.02,0,0.0666,0,,,2026-06-23T14:23:24.64299+00:00,2026-06-23T14:23:24.64299+00:00,0,,2025,false
21,7,2026,BIG BAG N°1,S103/2025,FAIR FOR LIFE,SGUSCIATE,9/11,1000,0,Vignanello,0.002,0.01,0,0.1033,0,,,2026-06-23T14:23:24.64299+00:00,2026-06-23T14:23:24.64299+00:00,0,,2025,false
22,10,2026,BIG BAG N°1,S104/2025,FAIR FOR LIFE,SGUSCIATE,9/11,1000,0,Vignanello,0.004,0.03,0,0.0633,0,,,2026-06-23T14:23:24.64299+00:00,2026-06-23T14:23:24.64299+00:00,0,,2025,false
23,10,2026,BIG BAG N°2,S104/2025,FAIR FOR LIFE,SGUSCIATE,9/11,900,0,Vignanello,0.001,0.0333,0,0.0733,0,,,2026-06-23T14:23:24.64299+00:00,2026-06-23T14:23:24.64299+00:00,0,,2025,false
24,7,2026,BIG BAG N° 11,S103/2025,FAIR FOR LIFE,SGUSCIATE,11/13,1000,0,Vignanello,0.002,0.0366,0,0.1,0,,,2026-06-23T14:23:24.64299+00:00,2026-06-23T14:23:24.64299+00:00,0,,2025,false
25,7,2026,BIG BAG N° 12,S103/2025,FAIR FOR LIFE,SGUSCIATE,11/13,1000,0,Vignanello,0.001,0.0333,0,0.1033,0,,,2026-06-23T14:23:24.64299+00:00,2026-06-23T14:23:24.64299+00:00,0,,2025,false
26,7,2026,BIG BAG N° 13,S103/2025,FAIR FOR LIFE,SGUSCIATE,11/13,1000,0,Vignanello,0.001,0.04,0,0.1366,0,,,2026-06-23T14:23:24.64299+00:00,2026-06-23T14:23:24.64299+00:00,0,,2025,false
27,10,2026,BIG BAG N° 1,S104/2025,FAIR FOR LIFE,SGUSCIATE,11/13,1000,0,Vignanello,0,0.0333,0,0.1,0,,,2026-06-23T14:23:24.64299+00:00,2026-06-23T14:23:24.64299+00:00,0,,2025,false
28,10,2026,BIG BAG N° 2,S104/2025,FAIR FOR LIFE,SGUSCIATE,11/13,1000,0,Vignanello,0.002,0.03,0,0.0633,0,,,2026-06-23T14:23:24.64299+00:00,2026-06-23T14:23:24.64299+00:00,0,,2025,false
29,10,2026,BIG BAG N° 3,S104/2025,FAIR FOR LIFE,SGUSCIATE,11/13,1000,0,Vignanello,0.002,0.0366,0,0.1066,0,,,2026-06-23T14:23:24.64299+00:00,2026-06-23T14:23:24.64299+00:00,0,,2025,false
30,10,2026,BIG BAG N° 4,S104/2025,FAIR FOR LIFE,SGUSCIATE,11/13,1000,0,Vignanello,0.002,0.03,0,0.1133,0,,,2026-06-23T14:23:24.64299+00:00,2026-06-23T14:23:24.64299+00:00,0,,2025,false
31,10,2026,BIG BAG N° 6,S104/2025,FAIR FOR LIFE,SGUSCIATE,11/13,1000,0,Vignanello,0.002,0.0333,0,0.0866,0,,,2026-06-23T14:23:24.64299+00:00,2026-06-23T14:23:24.64299+00:00,0,,2025,false
32,10,2026,BIG BAG N° 7,S104/2025,FAIR FOR LIFE,SGUSCIATE,11/13,1000,0,Vignanello,0.002,0.05,0,0.1,0,,,2026-06-23T14:23:24.64299+00:00,2026-06-23T14:23:24.64299+00:00,0,,2025,false
33,10,2026,BIG BAG N° 8,S104/2025,FAIR FOR LIFE,SGUSCIATE,11/13,1000,0,Vignanello,0.003,0.0433,0,0.1033,0,,,2026-06-23T14:23:24.64299+00:00,2026-06-23T14:23:24.64299+00:00,0,,2025,false
34,10,2026,BIG BAG N° 9,S104/2025,FAIR FOR LIFE,SGUSCIATE,11/13,1000,0,Vignanello,0.002,0.0433,0,0.1133,0,,,2026-06-23T14:23:24.64299+00:00,2026-06-23T14:23:24.64299+00:00,0,,2025,false
35,10,2026,BIG BAG N° 10,S104/2025,FAIR FOR LIFE,SGUSCIATE,11/13,1000,0,Vignanello,0.001,0.04,0,0.1266,0,,,2026-06-23T14:23:24.64299+00:00,2026-06-23T14:23:24.64299+00:00,0,,2025,false
36,12,2026,BIG BAG N° 1,S105/2025,FAIR FOR LIFE,SGUSCIATE,11/13,1000,0,Vignanello,0.002,0.0466,0,0.1433,0,,,2026-06-23T14:23:24.64299+00:00,2026-06-23T14:23:24.64299+00:00,0,,2025,false
37,12,2026,BIG BAG N° 2,S105/2025,FAIR FOR LIFE,SGUSCIATE,11/13,1000,0,Vignanello,0,0.03,0,0.13,0,,,2026-06-23T14:23:24.64299+00:00,2026-06-23T14:23:24.64299+00:00,0,,2025,false
38,12,2026,BIG BAG N° 3,S105/2025,FAIR FOR LIFE,SGUSCIATE,11/13,1000,0,Vignanello,0.001,0.02,0,0.0566,0,,,2026-06-23T14:23:24.64299+00:00,2026-06-23T14:23:24.64299+00:00,0,,2025,false
39,12,2026,BIG BAG N° 4,S105/2025,FAIR FOR LIFE,SGUSCIATE,11/13,1000,0,Vignanello,0.001,0.0133,0,0.0533,0,,,2026-06-23T14:23:24.64299+00:00,2026-06-23T14:23:24.64299+00:00,0,,2025,false
40,12,2026,BIG BAG N° 5,S105/2025,FAIR FOR LIFE,SGUSCIATE,11/13,962,0,Vignanello,0,0,0,0,0,,,2026-06-23T14:23:24.64299+00:00,2026-06-23T14:23:24.64299+00:00,0,,2025,false
41,7,2026,BIG BAG N° 15,S103/2025,FAIR FOR LIFE,SGUSCIATE,13/15,1000,0,Vignanello,0.002,0.04,0,0.1233,0,,,2026-06-23T14:23:24.64299+00:00,2026-06-23T14:23:24.64299+00:00,0,,2025,false
42,7,2026,BIG BAG N° 16,S103/2025,FAIR FOR LIFE,SGUSCIATE,13/15,1000,0,Vignanello,0.001,0.04,0,0.1633,0,,,2026-06-23T14:23:24.64299+00:00,2026-06-23T14:23:24.64299+00:00,0,,2025,false
43,10,2026,BIG BAG N° 1,S104/2025,FAIR FOR LIFE,SGUSCIATE,13/15,1000,0,Vignanello,0.002,0.03,0,0.1266,0,,,2026-06-23T14:23:24.64299+00:00,2026-06-23T14:23:24.64299+00:00,0,,2025,false
44,10,2026,BIG BAG N° 2,S104/2025,FAIR FOR LIFE,SGUSCIATE,13/15,1000,0,Vignanello,0.001,0.0266,0,0.07,0,,,2026-06-23T14:23:24.64299+00:00,2026-06-23T14:23:24.64299+00:00,0,,2025,false
45,10,2026,BIG BAG N° 3,S104/2025,FAIR FOR LIFE,SGUSCIATE,13/15,1000,0,Vignanello,0,0.05,0,0.1166,0,,,2026-06-23T14:23:24.64299+00:00,2026-06-23T14:23:24.64299+00:00,0,,2025,false
2,43,2025,BIG BAG N° 4,S106/2025,BIOLOGICHE,SGUSCIATE,11/13,1000,0,Vignanello,0.002,0.04,0,0.13,0,,,2026-06-23T14:23:24.64299+00:00,2026-06-24T21:28:24.471881+00:00,0,,2025,false
46,10,2026,BIG BAG N° 4,S104/2025,FAIR FOR LIFE,SGUSCIATE,13/15,1000,0,Vignanello,0,0.03,0,0.1166,0,,,2026-06-23T14:23:24.64299+00:00,2026-06-23T14:23:24.64299+00:00,0,,2025,false
47,10,2026,BIG BAG N° 5,S104/2025,FAIR FOR LIFE,SGUSCIATE,13/15,1000,0,Vignanello,0.001,0.0433,0,0.11,0,,,2026-06-23T14:23:24.64299+00:00,2026-06-23T14:23:24.64299+00:00,0,,2025,false
48,10,2026,BIG BAG N° 7,S104/2025,FAIR FOR LIFE,SGUSCIATE,13/15,1000,0,Vignanello,0,0.02,0,0.1033,0,,,2026-06-23T14:23:24.64299+00:00,2026-06-23T14:23:24.64299+00:00,0,,2025,false
49,10,2026,BIG BAG N° 8,S104/2025,FAIR FOR LIFE,SGUSCIATE,13/15,1000,0,Vignanello,0,0.04,0,0.09,0,,,2026-06-23T14:23:24.64299+00:00,2026-06-23T14:23:24.64299+00:00,0,,2025,false
50,10,2026,BIG BAG N° 9,S104/2025,FAIR FOR LIFE,SGUSCIATE,13/15,1000,0,Vignanello,0.002,0.0466,0,0.0666,0,,,2026-06-23T14:23:24.64299+00:00,2026-06-23T14:23:24.64299+00:00,0,,2025,false
51,10,2026,BIG BAG N° 10,S104/2025,FAIR FOR LIFE,SGUSCIATE,13/15,1000,0,Vignanello,0.002,0.04,0,0.0966,0,,,2026-06-23T14:23:25.152235+00:00,2026-06-23T14:23:25.152235+00:00,0,,2025,false
52,10,2026,BIG BAG N° 11,S104/2025,FAIR FOR LIFE,SGUSCIATE,13/15,1000,0,Vignanello,0.002,0.0433,0,0.0933,0,,,2026-06-23T14:23:25.152235+00:00,2026-06-23T14:23:25.152235+00:00,0,,2025,false
53,10,2026,BIG BAG N° 12,S104/2025,FAIR FOR LIFE,SGUSCIATE,13/15,1000,0,Vignanello,0.002,0.0533,0,0.1066,0,,,2026-06-23T14:23:25.152235+00:00,2026-06-23T14:23:25.152235+00:00,0,,2025,false
54,10,2026,BIG BAG N° 13,S104/2025,FAIR FOR LIFE,SGUSCIATE,13/15,1000,0,Vignanello,0,0.0433,0,0.14,0,,,2026-06-23T14:23:25.152235+00:00,2026-06-23T14:23:25.152235+00:00,0,,2025,false
55,10,2026,BIG BAG N° 14,S104/2025,FAIR FOR LIFE,SGUSCIATE,13/15,1000,0,Vignanello,0.001,0.05,0,0.1266,0,,,2026-06-23T14:23:25.152235+00:00,2026-06-23T14:23:25.152235+00:00,0,,2025,false
56,10,2026,BIG BAG N° 15,S104/2025,FAIR FOR LIFE,SGUSCIATE,13/15,1000,0,Vignanello,0.001,0.0466,0,0.1333,0,,,2026-06-23T14:23:25.152235+00:00,2026-06-23T14:23:25.152235+00:00,0,,2025,false
57,10,2026,BIG BAG N° 16,S104/2025,FAIR FOR LIFE,SGUSCIATE,13/15,1000,0,Vignanello,0.002,0.0366,0,0.16,0,,,2026-06-23T14:23:25.152235+00:00,2026-06-23T14:23:25.152235+00:00,0,,2025,false
58,12,2026,BIG BAG N° 1,S105/2025,FAIR FOR LIFE,SGUSCIATE,13/15,1000,0,Vignanello,0.001,0.0366,0,0.1233,0,,,2026-06-23T14:23:25.152235+00:00,2026-06-23T14:23:25.152235+00:00,0,,2025,false
59,12,2026,BIG BAG N° 2,S105/2025,FAIR FOR LIFE,SGUSCIATE,13/15,1000,0,Vignanello,0.003,0.0233,0,0.1366,0,,,2026-06-23T14:23:25.152235+00:00,2026-06-23T14:23:25.152235+00:00,0,,2025,false
60,12,2026,BIG BAG N° 3,S105/2025,FAIR FOR LIFE,SGUSCIATE,13/15,1000,0,Vignanello,0.002,0.02,0,0.0933,0,,,2026-06-23T14:23:25.152235+00:00,2026-06-23T14:23:25.152235+00:00,0,,2025,false
61,12,2026,BIG BAG N° 4,S105/2025,FAIR FOR LIFE,SGUSCIATE,13/15,1000,0,Vignanello,0.002,0.0233,0,0.0833,0,,,2026-06-23T14:23:25.152235+00:00,2026-06-23T14:23:25.152235+00:00,0,,2025,false
62,12,2026,BIG BAG N° 5,S105/2025,FAIR FOR LIFE,SGUSCIATE,13/15,1000,0,Vignanello,0.001,0.0166,0,0.0733,0,,,2026-06-23T14:23:25.152235+00:00,2026-06-23T14:23:25.152235+00:00,0,,2025,false
63,12,2026,BIG BAG N° 6,S105/2025,FAIR FOR LIFE,SGUSCIATE,13/15,1000,0,Vignanello,0.001,0.02,0,0.0666,0,,,2026-06-23T14:23:25.152235+00:00,2026-06-23T14:23:25.152235+00:00,0,,2025,false
64,12,2026,BIG BAG N° 7,S105/2025,FAIR FOR LIFE,SGUSCIATE,13/15,1100,0,Vignanello,0.002,0.0233,0,0.07,0,,,2026-06-23T14:23:25.152235+00:00,2026-06-23T14:23:25.152235+00:00,0,,2025,false
65,7,2026,BIG BAG,S103/2026,FAIR FOR LIFE,ROTTAME,DA SCEGLIERE,990,0,Vignanello,0.365,0,0,0,0.139,,,2026-06-23T14:23:25.152235+00:00,2026-06-23T14:23:25.152235+00:00,0,,2025,false
66,7,2026,BIG BAG,S103/2026,FAIR FOR LIFE,ROTTAME,DA SCEGLIERE,872,0,Vignanello,0.392,0,0,0,0.164,,,2026-06-23T14:23:25.152235+00:00,2026-06-23T14:23:25.152235+00:00,0,,2025,false
67,10,2026,BIG BAG,S104/2026,FAIR FOR LIFE,ROTTAME,DA SCEGLIERE,931,0,Vignanello,0.356,0,0,0,0.236,,,2026-06-23T14:23:25.152235+00:00,2026-06-23T14:23:25.152235+00:00,0,,2025,false
68,10,2026,BIG BAG,S104/2026,FAIR FOR LIFE,ROTTAME,DA SCEGLIERE,949,0,Vignanello,0.413,0,0,0,0.197,,,2026-06-23T14:23:25.152235+00:00,2026-06-23T14:23:25.152235+00:00,0,,2025,false
69,10,2026,BIG BAG,S104/2026,FAIR FOR LIFE,ROTTAME,DA SCEGLIERE,1026,0,Vignanello,0.009,0,0,0,0.004,,,2026-06-23T14:23:25.152235+00:00,2026-06-23T14:23:25.152235+00:00,0,,2025,false
70,10,2026,BIG BAG,S104/2026,FAIR FOR LIFE,ROTTAME,DA SCEGLIERE,926,0,Vignanello,0.307,0,0,0,0.158,,,2026-06-23T14:23:25.152235+00:00,2026-06-23T14:23:25.152235+00:00,0,,2025,false
71,12,2026,BIG BAG,S105/2025,FAIR FOR LIFE,ROTTAME,DA SCEGLIERE,890,0,Vignanello,0.275,0,0,0,0.116,,,2026-06-23T14:23:25.152235+00:00,2026-06-23T14:23:25.152235+00:00,0,,2025,false
72,12,2026,BIG BAG,S105/2025,FAIR FOR LIFE,ROTTAME,DA SCEGLIERE,940,0,Vignanello,0.284,0,0,0,0.158,,,2026-06-23T14:23:25.152235+00:00,2026-06-23T14:23:25.152235+00:00,0,,2025,false
73,12,2026,BIG BAG,S105/2025,FAIR FOR LIFE,ROTTAME,DA SCEGLIERE,746,0,Vignanello,0.012,0,0,0,0.008,,,2026-06-23T14:23:25.152235+00:00,2026-06-23T14:23:25.152235+00:00,0,,2025,false
74,10,2026,BIG BAG,S102-S103-S104-S105/2025,FAIR FOR LIFE,SCARTI,11/13,665,0,Vignanello,0.365,0.22,0,0.18,0.005,,,2026-06-23T14:23:25.152235+00:00,2026-06-23T14:23:25.152235+00:00,0,,2025,false
75,10,2026,BIG BAG,S102-S103-S104-S105/2025,FAIR FOR LIFE,SCARTI,13/15,653,0,Vignanello,0.329,0.25,0,0.23,0.019,,,2026-06-23T14:23:25.152235+00:00,2026-06-23T14:23:25.152235+00:00,0,,2025,false
76,47,2025,BIG BAG N° 1,SO122025,CONVENZIONALI,SGUSCIATE,9/11,1000,0,Fabbrica,0.003,0.0366,0,0.0566,0,,,2026-06-23T14:23:25.152235+00:00,2026-06-23T14:23:25.152235+00:00,0,,2025,false
77,16,2026,BIG BAG N° 1,SO042026,CONVENZIONALI,SGUSCIATE,9/11,1000,0,Fabbrica,0.002,0.015,0,0.035,0,,,2026-06-23T14:23:25.152235+00:00,2026-06-23T14:23:25.152235+00:00,0,,2025,false
78,16,2026,BIG BAG N° 2,SO042026,CONVENZIONALI,SGUSCIATE,9/11,1000,0,Fabbrica,0.002,0.005,0,0.045,0,,,2026-06-23T14:23:25.152235+00:00,2026-06-23T14:23:25.152235+00:00,0,,2025,false
79,17,2026,BIG BAG N° 3,SO04/2026,CONVENZIONALI,SGUSCIATE,9/11,1000,0,Fabbrica,0.001,0.005,0,0.02,0,,,2026-06-23T14:23:25.152235+00:00,2026-06-23T14:23:25.152235+00:00,0,,2025,false
80,24,2026,BIG BAG N° 1,SO062026,CONVENZIONALI,SGUSCIATE,9/11,1000,0,Vignanello,0.008,0.0433,0,0.0666,0,,,2026-06-23T14:23:25.152235+00:00,2026-06-23T14:23:25.152235+00:00,0,,2025,false
81,24,2026,BIG BAG N° 2,SO062026,CONVENZIONALI,SGUSCIATE,9/11,1000,0,Vignanello,0.012,0.04,0,0.0233,0,,,2026-06-23T14:23:25.152235+00:00,2026-06-23T14:23:25.152235+00:00,0,,2025,false
82,24,2026,BIG BAG N° 3,SO062026,CONVENZIONALI,SGUSCIATE,9/11,1000,0,Vignanello,0.013,0.04,0,0.0433,0,,,2026-06-23T14:23:25.152235+00:00,2026-06-23T14:23:25.152235+00:00,0,,2025,false
83,24,2026,BIG BAG N° 4,SO062026,CONVENZIONALI,SGUSCIATE,9/11,1000,0,Vignanello,0.01,0.0266,0,0.0466,0,,,2026-06-23T14:23:25.152235+00:00,2026-06-23T14:23:25.152235+00:00,0,,2025,false
84,24,2026,BIG BAG N° 5,SO062026,CONVENZIONALI,SGUSCIATE,9/11,1000,0,Vignanello,0.018,0.0333,0,0.0566,0,,,2026-06-23T14:23:25.152235+00:00,2026-06-23T14:23:25.152235+00:00,0,,2025,false
88,19,2026,BIG 1,FI1459/2026,CONVENZIONALI,SGUSCIATE,9/11,1000,0,Fabbrica,0.021,0.0466,0,0.12,0,,,2026-06-23T14:23:25.152235+00:00,2026-06-23T14:23:25.152235+00:00,0,,2025,false
89,20,2026,BIG 2,FI1459/2026,CONVENZIONALI,SGUSCIATE,9/11,1000,0,Fabbrica,0.024,0.06,0,0.13,0,,,2026-06-23T14:23:25.152235+00:00,2026-06-23T14:23:25.152235+00:00,0,,2025,false
90,20,2026,BIG 3,FI1459/2026,CONVENZIONALI,SGUSCIATE,9/11,635,0,Fabbrica,0.024,0.06,0,0.13,0,,,2026-06-23T14:23:25.152235+00:00,2026-06-23T14:23:25.152235+00:00,0,,2025,false
86,17,2026,BIG 6,FA04/2026,CONVENZIONALI,SGUSCIATE,9/11,429,0,Fabbrica,0.006,0.02,0,0.0166,0,,,2026-06-23T14:23:25.152235+00:00,2026-06-24T15:33:15.896512+00:00,0.043,,2025,false
91,43,2025,BIG 8,FA10/2025,CONVENZIONALI,SGUSCIATE,11/13,500,0,Fabbrica,0.118,0.08,0,0.0633,0.2,,,2026-06-23T14:23:25.152235+00:00,2026-06-23T14:23:25.152235+00:00,0.018,,2025,false
92,45,2025,BIG 3,FA11/2025,CONVENZIONALI,SGUSCIATE,11/13,1000,0,Fabbrica,0.002,0.0366,0,0.0333,0,,,2026-06-23T14:23:25.152235+00:00,2026-06-23T14:23:25.152235+00:00,0.009,,2025,false
93,45,2025,BIG 5,FA11/2025,CONVENZIONALI,SGUSCIATE,11/13,1000,0,Fabbrica,0.003,0.0366,0,0.04,0,,,2026-06-23T14:23:25.152235+00:00,2026-06-23T14:23:25.152235+00:00,0.009,,2025,false
94,48,2025,BIG 6,FA11/2025,CONVENZIONALI,SGUSCIATE,11/13,1000,0,Fabbrica,0.002,0.03,0,0.04,0,,,2026-06-23T14:23:25.152235+00:00,2026-06-23T14:23:25.152235+00:00,0.008,,2025,false
95,48,2025,BIG 7,FA11/2025,CONVENZIONALI,SGUSCIATE,11/13,1000,0,Fabbrica,0.002,0.03,0,0.06,0,,,2026-06-23T14:23:25.152235+00:00,2026-06-23T14:23:25.152235+00:00,0.005,,2025,false
96,48,2025,BIG 8,FA11/2025,CONVENZIONALI,SGUSCIATE,11/13,1000,0,Fabbrica,0.002,0.0333,0,0.02,0,,,2026-06-23T14:23:25.152235+00:00,2026-06-23T14:23:25.152235+00:00,0.009,,2025,false
97,49,2025,BIG 9,FA12/2025,CONVENZIONALI,SGUSCIATE,11/13,500,0,Fabbrica,0.002,0.04,0,0.04,0,,,2026-06-23T14:23:25.152235+00:00,2026-06-23T14:23:25.152235+00:00,0.015,,2025,false
98,49,2025,BIG 11,FA12/2025,CONVENZIONALI,SGUSCIATE,11/13,1000,0,Fabbrica,0.002,0.02,0,0.06,0,,,2026-06-23T14:23:25.152235+00:00,2026-06-23T14:23:25.152235+00:00,0.013,,2025,false
99,49,2025,BIG 12,FA12/2025,CONVENZIONALI,SGUSCIATE,11/13,1000,0,Fabbrica,0.003,0.0266,0,0.03,0,,,2026-06-23T14:23:25.152235+00:00,2026-06-23T14:23:25.152235+00:00,0.012,,2025,false
100,49,2025,BIG 13,FA12/2025,CONVENZIONALI,SGUSCIATE,11/13,1000,0,Fabbrica,0.001,0.03,0,0.03,0,,,2026-06-23T14:23:25.152235+00:00,2026-06-23T14:23:25.152235+00:00,0.008,,2025,false
101,49,2025,BIG 14,FA12/2025,CONVENZIONALI,SGUSCIATE,11/13,1000,0,Fabbrica,0.003,0.0366,0,0.0333,0,,,2026-06-23T14:23:25.43434+00:00,2026-06-23T14:23:25.43434+00:00,0.011,,2025,false
102,49,2025,BIG 15,FA12/2025,CONVENZIONALI,SGUSCIATE,11/13,1000,0,Fabbrica,0.001,0.03,0,0.0333,0,,,2026-06-23T14:23:25.43434+00:00,2026-06-23T14:23:25.43434+00:00,0.011,,2025,false
103,50,2025,BIG 17,FA12/2025,CONVENZIONALI,SGUSCIATE,11/13,1000,0,Fabbrica,0.002,0.0266,0,0.06,0,,,2026-06-23T14:23:25.43434+00:00,2026-06-23T14:23:25.43434+00:00,0.009,,2025,false
104,50,2025,BIG 18,FA12/2025,CONVENZIONALI,SGUSCIATE,11/13,1000,0,Fabbrica,0.004,0.0266,0,0.04,0,,,2026-06-23T14:23:25.43434+00:00,2026-06-23T14:23:25.43434+00:00,0.006,,2025,false
105,50,2025,BIG 19,FA12/2025,CONVENZIONALI,SGUSCIATE,11/13,1000,0,Fabbrica,0.003,0.0366,0,0.0433,0,,,2026-06-23T14:23:25.43434+00:00,2026-06-23T14:23:25.43434+00:00,0.008,,2025,false
106,50,2025,BIG 20,FA12/2025,CONVENZIONALI,SGUSCIATE,11/13,681,0,Fabbrica,0.006,0.03,0,0.0466,0,,,2026-06-23T14:23:25.43434+00:00,2026-06-23T14:23:25.43434+00:00,0.004,,2025,false
107,17,2026,BIG 21,FA04/2026,CONVENZIONALI,SGUSCIATE,11/13,1000,0,Fabbrica,0.001,0.0266,0,0.05,0,,,2026-06-23T14:23:25.43434+00:00,2026-06-23T14:23:25.43434+00:00,0.007,,2025,false
108,17,2026,BIG 22,FA04/2026,CONVENZIONALI,SGUSCIATE,11/13,1000,0,Fabbrica,0.002,0.0333,0,0.0333,0,,,2026-06-23T14:23:25.43434+00:00,2026-06-23T14:23:25.43434+00:00,0.008,,2025,false
109,17,2026,BIG 23,FA04/2026,CONVENZIONALI,SGUSCIATE,11/13,1000,0,Fabbrica,0.001,0.0233,0,0.04,0,,,2026-06-23T14:23:25.43434+00:00,2026-06-23T14:23:25.43434+00:00,0.003,,2025,false
110,17,2026,BIG 24,FA04/2026,CONVENZIONALI,SGUSCIATE,11/13,1000,0,Fabbrica,0.002,0.02,0,0.0566,0,,,2026-06-23T14:23:25.43434+00:00,2026-06-23T14:23:25.43434+00:00,0.008,,2025,false
111,17,2026,BIG 25,FA04/2026,CONVENZIONALI,SGUSCIATE,11/13,901,0,Fabbrica,0.003,0.0266,0,0.02,0,,,2026-06-23T14:23:25.43434+00:00,2026-06-23T14:23:25.43434+00:00,0.017,,2025,false
112,18,2026,BIG 26,FA04/2026,CONVENZIONALI,SGUSCIATE,11/13,1000,0,Fabbrica,0.004,0.0566,0,0.05,0,,,2026-06-23T14:23:25.43434+00:00,2026-06-23T14:23:25.43434+00:00,0.03,,2025,false
113,18,2026,BIG 27,FA04/2026,CONVENZIONALI,SGUSCIATE,11/13,1000,0,Fabbrica,0.003,0.08,0,0.0566,0,,,2026-06-23T14:23:25.43434+00:00,2026-06-23T14:23:25.43434+00:00,0.013,,2025,false
114,20,2026,BIG 28,FA05/2026,CONVENZIONALI,SGUSCIATE,11/13,1000,0,Fabbrica,0.003,0.06,0,0.08,0,,,2026-06-23T14:23:25.43434+00:00,2026-06-23T14:23:25.43434+00:00,0.007,,2025,false
115,20,2026,BIG 29,FA05/2026,CONVENZIONALI,SGUSCIATE,11/13,1000,0,Fabbrica,0.003,0.05,0,0.05,0,,,2026-06-23T14:23:25.43434+00:00,2026-06-23T14:23:25.43434+00:00,0.016,,2025,false
117,23,2026,BIG 31,FA05/2026,CONVENZIONALI,SGUSCIATE,11/13,1000,0,Fabbrica,0.01,0.0333,0,0.06,0,,,2026-06-23T14:23:25.43434+00:00,2026-06-23T14:23:25.43434+00:00,0.022,,2025,false
118,23,2026,BIG 32,FA05/2026,CONVENZIONALI,SGUSCIATE,11/13,1000,0,Fabbrica,0.007,0.06,0,0.0466,0,,,2026-06-23T14:23:25.43434+00:00,2026-06-23T14:23:25.43434+00:00,0.007,,2025,false
119,23,2026,BIG 33,FA05/2026,CONVENZIONALI,SGUSCIATE,11/13,1000,0,Fabbrica,0.008,0.0633,0,0.0433,0,,,2026-06-23T14:23:25.43434+00:00,2026-06-23T14:23:25.43434+00:00,0.022,,2025,false
120,23,2026,BIG 34,FA05/2026,CONVENZIONALI,SGUSCIATE,11/13,1000,0,Fabbrica,0.005,0.03,0,0.0433,0,,,2026-06-23T14:23:25.43434+00:00,2026-06-23T14:23:25.43434+00:00,0.002,,2025,false
121,23,2026,BIG 35,FA06/2026,CONVENZIONALI,SGUSCIATE,11/13,1000,0,Fabbrica,0.005,0.0566,0,0.0666,0,,,2026-06-23T14:23:25.43434+00:00,2026-06-23T14:23:25.43434+00:00,0.012,,2025,false
122,23,2026,BIG 36,FA06/2026,CONVENZIONALI,SGUSCIATE,11/13,1000,0,Fabbrica,0.003,0.0466,0,0.0766,0,,,2026-06-23T14:23:25.43434+00:00,2026-06-23T14:23:25.43434+00:00,0.026,,2025,false
123,46,2025,BIG BAG N° 2,SO112025,CONVENZIONALI,SGUSCIATE,11/13,1000,0,Fabbrica,0.002,0.0233,0,0.0633,0,,,2026-06-23T14:23:25.43434+00:00,2026-06-23T14:23:25.43434+00:00,0,,2025,false
124,46,2025,BIG BAG N° 3,SO112025,CONVENZIONALI,SGUSCIATE,11/13,1000,0,Fabbrica,0.002,0.0266,0,0.0633,0,,,2026-06-23T14:23:25.43434+00:00,2026-06-23T14:23:25.43434+00:00,0,,2025,false
125,46,2025,BIG BAG N° 5,SO112025,CONVENZIONALI,SGUSCIATE,11/13,1000,0,Fabbrica,0.001,0.03,0,0.0866,0,,,2026-06-23T14:23:25.43434+00:00,2026-06-23T14:23:25.43434+00:00,0,,2025,false
126,46,2025,BIG BAG N° 6,SO112025,CONVENZIONALI,SGUSCIATE,11/13,1000,0,Fabbrica,0.001,0.0266,0,0.0933,0,,,2026-06-23T14:23:25.43434+00:00,2026-06-23T14:23:25.43434+00:00,0,,2025,false
127,46,2025,BIG BAG N° 7,SO112025,CONVENZIONALI,SGUSCIATE,11/13,1000,0,Fabbrica,0,0.0233,0,0.1066,0,,,2026-06-23T14:23:25.43434+00:00,2026-06-23T14:23:25.43434+00:00,0,,2025,false
128,46,2025,BIG BAG N° 8,SO112025,CONVENZIONALI,SGUSCIATE,11/13,450,0,Fabbrica,0.001,0.03,0,0.0666,0,,,2026-06-23T14:23:25.43434+00:00,2026-06-23T14:23:25.43434+00:00,0,,2025,false
129,46,2025,BIG BAG N° 9,SO112025,CONVENZIONALI,SGUSCIATE,11/13,1000,0,Fabbrica,0.001,0.0133,0,0.0533,0,,,2026-06-23T14:23:25.43434+00:00,2026-06-23T14:23:25.43434+00:00,0,,2025,false
130,46,2025,BIG BAG N° 10,SO112025,CONVENZIONALI,SGUSCIATE,11/13,1000,0,Fabbrica,0,0.01,0,0.0333,0,,,2026-06-23T14:23:25.43434+00:00,2026-06-23T14:23:25.43434+00:00,0,,2025,false
131,46,2025,BIG BAG N° 11,SO112025,CONVENZIONALI,SGUSCIATE,11/13,1000,0,Fabbrica,0,0.02,0,0.0466,0,,,2026-06-23T14:23:25.43434+00:00,2026-06-23T14:23:25.43434+00:00,0,,2025,false
132,46,2025,BIG BAG N° 12,SO112025,CONVENZIONALI,SGUSCIATE,11/13,1000,0,Fabbrica,0.001,0.0033,0,0.04,0,,,2026-06-23T14:23:25.43434+00:00,2026-06-23T14:23:25.43434+00:00,0,,2025,false
133,46,2025,BIG BAG N° 13,SO112025,CONVENZIONALI,SGUSCIATE,11/13,1000,0,Fabbrica,0,0,0,0.03,0,,,2026-06-23T14:23:25.43434+00:00,2026-06-23T14:23:25.43434+00:00,0,,2025,false
134,46,2025,BIG BAG N° 14,SO112025,CONVENZIONALI,SGUSCIATE,11/13,1000,0,Fabbrica,0.001,0.0066,0,0.0433,0,,,2026-06-23T14:23:25.43434+00:00,2026-06-23T14:23:25.43434+00:00,0,,2025,false
135,46,2025,BIG BAG N° 15,SO112025,CONVENZIONALI,SGUSCIATE,11/13,1000,0,Fabbrica,0,0.0033,0,0.0166,0,,,2026-06-23T14:23:25.43434+00:00,2026-06-23T14:23:25.43434+00:00,0,,2025,false
136,46,2025,BIG BAG N° 16,SO112025,CONVENZIONALI,SGUSCIATE,11/13,1000,0,Fabbrica,0.001,0.02,0,0.0366,0,,,2026-06-23T14:23:25.43434+00:00,2026-06-23T14:23:25.43434+00:00,0,,2025,false
137,46,2025,BIG BAG N° 17,SO112025,CONVENZIONALI,SGUSCIATE,11/13,1000,0,Fabbrica,0.001,0.0133,0,0.04,0,,,2026-06-23T14:23:25.43434+00:00,2026-06-23T14:23:25.43434+00:00,0,,2025,false
138,46,2025,BIG BAG N° 18,SO112025,CONVENZIONALI,SGUSCIATE,11/13,1000,0,Fabbrica,0,0.0066,0,0.0266,0,,,2026-06-23T14:23:25.43434+00:00,2026-06-23T14:23:25.43434+00:00,0,,2025,false
139,46,2025,BIG BAG N° 19,SO112025,CONVENZIONALI,SGUSCIATE,11/13,1000,0,Fabbrica,0,0.01,0,0.0366,0,,,2026-06-23T14:23:25.43434+00:00,2026-06-23T14:23:25.43434+00:00,0,,2025,false
140,46,2025,BIG BAG N° 20,SO112025,CONVENZIONALI,SGUSCIATE,11/13,1000,0,Fabbrica,0,0.02,0,0.0333,0,,,2026-06-23T14:23:25.43434+00:00,2026-06-23T14:23:25.43434+00:00,0,,2025,false
141,46,2025,BIG BAG N° 21,SO112025,CONVENZIONALI,SGUSCIATE,11/13,1000,0,Fabbrica,0,0.0166,0,0.0366,0,,,2026-06-23T14:23:25.43434+00:00,2026-06-23T14:23:25.43434+00:00,0,,2025,false
142,47,2025,BIG BAG N°1,SO122025,CONVENZIONALI,SGUSCIATE,11/13,1000,0,Fabbrica,0,0.0066,0,0.0266,0,,,2026-06-23T14:23:25.43434+00:00,2026-06-23T14:23:25.43434+00:00,0,,2025,false
143,47,2025,BIG BAG N°2,SO122025,CONVENZIONALI,SGUSCIATE,11/13,1000,0,Fabbrica,0,0.01,0,0.0433,0,,,2026-06-23T14:23:25.43434+00:00,2026-06-23T14:23:25.43434+00:00,0,,2025,false
144,16,2026,BIG BAG N° 1,SO042026,CONVENZIONALI,SGUSCIATE,11/13,1000,0,Fabbrica,0.001,0.01,0,0.08,0,,,2026-06-23T14:23:25.43434+00:00,2026-06-23T14:23:25.43434+00:00,0,,2025,false
145,16,2026,BIG BAG N° 2,SO042026,CONVENZIONALI,SGUSCIATE,11/13,1000,0,Fabbrica,0.003,0.02,0,0.095,0,,,2026-06-23T14:23:25.43434+00:00,2026-06-23T14:23:25.43434+00:00,0,,2025,false
146,16,2026,BIG BAG N° 3,SO042026,CONVENZIONALI,SGUSCIATE,11/13,1000,0,Fabbrica,0.002,0.02,0,0.055,0,,,2026-06-23T14:23:25.43434+00:00,2026-06-23T14:23:25.43434+00:00,0,,2025,false
147,16,2026,BIG BAG N° 4,SO042026,CONVENZIONALI,SGUSCIATE,11/13,1000,0,Fabbrica,0.001,0.005,0,0.075,0,,,2026-06-23T14:23:25.43434+00:00,2026-06-23T14:23:25.43434+00:00,0,,2025,false
148,16,2026,BIG BAG N° 5,SO042026,CONVENZIONALI,SGUSCIATE,11/13,1000,0,Fabbrica,0.001,0.015,0,0.045,0,,,2026-06-23T14:23:25.43434+00:00,2026-06-23T14:23:25.43434+00:00,0,,2025,false
149,16,2026,BIG BAG N° 6,SO042026,CONVENZIONALI,SGUSCIATE,11/13,1000,0,Fabbrica,0.001,0.025,0,0.085,0,,,2026-06-23T14:23:25.43434+00:00,2026-06-23T14:23:25.43434+00:00,0,,2025,false
150,16,2026,BIG BAG N° 7,SO042026,CONVENZIONALI,SGUSCIATE,11/13,1000,0,Fabbrica,0.001,0.02,0,0.07,0,,,2026-06-23T14:23:25.43434+00:00,2026-06-23T14:23:25.43434+00:00,0,,2025,false
151,16,2026,BIG BAG N° 8,SO042026,CONVENZIONALI,SGUSCIATE,11/13,1000,0,Fabbrica,0.002,0.02,0,0.08,0,,,2026-06-23T14:23:25.68285+00:00,2026-06-23T14:23:25.68285+00:00,0,,2025,false
152,16,2026,BIG BAG N° 9,SO042026,CONVENZIONALI,SGUSCIATE,11/13,303,0,Fabbrica,0.003,0.03,0,0.132,0,,,2026-06-23T14:23:25.68285+00:00,2026-06-23T14:23:25.68285+00:00,0,,2025,false
153,22,2026,BIG BAG N° 1,SO052026,CONVENZIONALI,SGUSCIATE,11/13,1000,0,Vignanello,0.006,0.0166,0,0.0433,0,,,2026-06-23T14:23:25.68285+00:00,2026-06-23T14:23:25.68285+00:00,0,,2025,false
154,22,2026,BIG BAG N° 2,SO052026,CONVENZIONALI,SGUSCIATE,11/13,1000,0,Vignanello,0.01,0.0433,0,0.0666,0,,,2026-06-23T14:23:25.68285+00:00,2026-06-23T14:23:25.68285+00:00,0,,2025,false
155,22,2026,BIG BAG N° 3,SO052026,CONVENZIONALI,SGUSCIATE,11/13,1000,0,Vignanello,0.012,0.0233,0,0.06,0,,,2026-06-23T14:23:25.68285+00:00,2026-06-23T14:23:25.68285+00:00,0,,2025,false
156,22,2026,BIG BAG N° 4,SO052026,CONVENZIONALI,SGUSCIATE,11/13,1000,0,Vignanello,0.013,0.0266,0,0.0766,0,,,2026-06-23T14:23:25.68285+00:00,2026-06-23T14:23:25.68285+00:00,0,,2025,false
157,22,2026,BIG BAG N° 5,SO052026,CONVENZIONALI,SGUSCIATE,11/13,1000,0,Vignanello,0.004,0.02,0,0.0766,0,,,2026-06-23T14:23:25.68285+00:00,2026-06-23T14:23:25.68285+00:00,0,,2025,false
158,22,2026,BIG BAG N° 6,SO052026,CONVENZIONALI,SGUSCIATE,11/13,1000,0,Vignanello,0.007,0.0233,0,0.08,0,,,2026-06-23T14:23:25.68285+00:00,2026-06-23T14:23:25.68285+00:00,0,,2025,false
159,22,2026,BIG BAG N° 7,SO052026,CONVENZIONALI,SGUSCIATE,11/13,1000,0,Vignanello,0.004,0.0366,0,0.0666,0,,,2026-06-23T14:23:25.68285+00:00,2026-06-23T14:23:25.68285+00:00,0,,2025,false
160,22,2026,BIG BAG N° 8,SO052026,CONVENZIONALI,SGUSCIATE,11/13,1000,0,Vignanello,0.006,0.0366,0,0.0666,0,,,2026-06-23T14:23:25.68285+00:00,2026-06-23T14:23:25.68285+00:00,0,,2025,false
161,22,2026,BIG BAG N° 9,SO052026,CONVENZIONALI,SGUSCIATE,11/13,1000,0,Vignanello,0.004,0.06,0,0.07,0,,,2026-06-23T14:23:25.68285+00:00,2026-06-23T14:23:25.68285+00:00,0,,2025,false
162,22,2026,BIG BAG N° 10,SO052026,CONVENZIONALI,SGUSCIATE,11/13,1000,0,Vignanello,0.009,0.0433,0,0.0733,0,,,2026-06-23T14:23:25.68285+00:00,2026-06-23T14:23:25.68285+00:00,0,,2025,false
163,24,2026,BIG BAG N° 1,SO062026,CONVENZIONALI,SGUSCIATE,11/13,1000,0,Vignanello,0.006,0.0366,0,0.0733,0,,,2026-06-23T14:23:25.68285+00:00,2026-06-23T14:23:25.68285+00:00,0,,2025,false
164,24,2026,BIG BAG N° 2,SO062026,CONVENZIONALI,SGUSCIATE,11/13,1000,0,Vignanello,0.006,0.0366,0,0.0833,0,,,2026-06-23T14:23:25.68285+00:00,2026-06-23T14:23:25.68285+00:00,0,,2025,false
165,24,2026,BIG BAG N° 3,SO062026,CONVENZIONALI,SGUSCIATE,11/13,1000,0,Vignanello,0.004,0.04,0,0.0766,0,,,2026-06-23T14:23:25.68285+00:00,2026-06-23T14:23:25.68285+00:00,0,,2025,false
166,24,2026,BIG BAG N° 4,SO062026,CONVENZIONALI,SGUSCIATE,11/13,1000,0,Vignanello,0.003,0.0333,0,0.08,0,,,2026-06-23T14:23:25.68285+00:00,2026-06-23T14:23:25.68285+00:00,0,,2025,false
167,24,2026,BIG BAG N° 5,SO062026,CONVENZIONALI,SGUSCIATE,11/13,1000,0,Vignanello,0.003,0.04,0,0.0666,0,,,2026-06-23T14:23:25.68285+00:00,2026-06-23T14:23:25.68285+00:00,0,,2025,false
168,24,2026,BIG BAG N° 6,SO062026,CONVENZIONALI,SGUSCIATE,11/13,1000,0,Vignanello,0.006,0.0466,0,0.0666,0,,,2026-06-23T14:23:25.68285+00:00,2026-06-23T14:23:25.68285+00:00,0,,2025,false
169,24,2026,BIG BAG N° 7,SO062026,CONVENZIONALI,SGUSCIATE,11/13,1000,0,Vignanello,0.003,0.04,0,0.0633,0,,,2026-06-23T14:23:25.68285+00:00,2026-06-23T14:23:25.68285+00:00,0,,2025,false
170,24,2026,BIG BAG N° 8,SO062026,CONVENZIONALI,SGUSCIATE,11/13,1000,0,Vignanello,0.004,0.0333,0,0.0733,0,,,2026-06-23T14:23:25.68285+00:00,2026-06-23T14:23:25.68285+00:00,0,,2025,false
171,24,2026,BIG BAG N° 9,SO062026,CONVENZIONALI,SGUSCIATE,11/13,1000,0,Vignanello,0.005,0.0333,0,0.0766,0,,,2026-06-23T14:23:25.68285+00:00,2026-06-23T14:23:25.68285+00:00,0,,2025,false
172,24,2026,BIG BAG N° 10,SO062026,CONVENZIONALI,SGUSCIATE,11/13,1000,0,Vignanello,0.004,0.0266,0,0.09,0,,,2026-06-23T14:23:25.68285+00:00,2026-06-23T14:23:25.68285+00:00,0,,2025,false
173,24,2026,BIG BAG N° 11,SO062026,CONVENZIONALI,SGUSCIATE,11/13,1000,0,Vignanello,0.004,0.0366,0,0.0666,0,,,2026-06-23T14:23:25.68285+00:00,2026-06-23T14:23:25.68285+00:00,0,,2025,false
174,24,2026,BIG BAG N° 12,SO062026,CONVENZIONALI,SGUSCIATE,11/13,1000,0,Vignanello,0.005,0.0433,0,0.0666,0,,,2026-06-23T14:23:25.68285+00:00,2026-06-23T14:23:25.68285+00:00,0,,2025,false
175,24,2026,BIG BAG N° 13,SO062026,CONVENZIONALI,SGUSCIATE,11/13,1000,0,Vignanello,0.01,0.03,0,0.08,0,,,2026-06-23T14:23:25.68285+00:00,2026-06-23T14:23:25.68285+00:00,0,,2025,false
176,24,2026,BIG BAG N° 14,SO062026,CONVENZIONALI,SGUSCIATE,11/13,1000,0,Vignanello,0.007,0.0266,0,0.0566,0,,,2026-06-23T14:23:25.68285+00:00,2026-06-23T14:23:25.68285+00:00,0,,2025,false
177,24,2026,BIG BAG N° 15,SO062026,CONVENZIONALI,SGUSCIATE,11/13,1000,0,Vignanello,0.008,0.02,0,0.0566,0,,,2026-06-23T14:23:25.68285+00:00,2026-06-23T14:23:25.68285+00:00,0,,2025,false
178,24,2026,BIG BAG N° 16,SO062026,CONVENZIONALI,SGUSCIATE,11/13,1000,0,Soriano,0.007,0.0266,0,0.0666,0,,,2026-06-23T14:23:25.68285+00:00,2026-06-23T14:23:25.68285+00:00,0,,2025,false
179,17,2026,BIG 1,FI1459/2026,CONVENZIONALI,SGUSCIATE,11/13,1000,0,Fabbrica,0.015,0.06,0,0.1,0,,,2026-06-23T14:23:25.68285+00:00,2026-06-23T14:23:25.68285+00:00,0,,2025,false
180,18,2026,BIG 5,FI1459/2026,CONVENZIONALI,SGUSCIATE,11/13,1000,0,Fabbrica,0.013,0.0766,0,0.13,0,,,2026-06-23T14:23:25.68285+00:00,2026-06-23T14:23:25.68285+00:00,0,,2025,false
181,19,2026,BIG 9,FI1459/2026,CONVENZIONALI,SGUSCIATE,11/13,1000,0,Fabbrica,0.014,0.06,0,0.1366,0,,,2026-06-23T14:23:25.68285+00:00,2026-06-23T14:23:25.68285+00:00,0,,2025,false
182,19,2026,BIG 10,FI1459/2026,CONVENZIONALI,SGUSCIATE,11/13,1000,0,Fabbrica,0.013,0.0566,0,0.0966,0,,,2026-06-23T14:23:25.68285+00:00,2026-06-23T14:23:25.68285+00:00,0,,2025,false
183,20,2026,BIG 11,FI1459/2026,CONVENZIONALI,SGUSCIATE,11/13,1000,0,Fabbrica,0.015,0.0666,0,0.0866,0,,,2026-06-23T14:23:25.68285+00:00,2026-06-23T14:23:25.68285+00:00,0,,2025,false
184,43,2025,BIG 11,FA10/2025,CONVENZIONALI,SGUSCIATE,13/15,1000,0,Fabbrica,0.012,0.05,0,0.0933,0,,,2026-06-23T14:23:25.68285+00:00,2026-06-23T14:23:25.68285+00:00,0,,2025,false
185,43,2025,BIG 12,FA10/2025,CONVENZIONALI,SGUSCIATE,13/15,1000,0,Fabbrica,0.004,0.0433,0,0.12,0,,,2026-06-23T14:23:25.68285+00:00,2026-06-23T14:23:25.68285+00:00,0,,2025,false
186,43,2025,BIG 13,FA10/2025,CONVENZIONALI,SGUSCIATE,13/15,361,0,Fabbrica,0.005,0.0533,0,0.1066,0,,,2026-06-23T14:23:25.68285+00:00,2026-06-23T14:23:25.68285+00:00,0,,2025,false
187,44,2025,BIG 6,FA11/2025,CONVENZIONALI,SGUSCIATE,13/15,1000,0,Fabbrica,0.002,0.0233,0,0.0333,0,,,2026-06-23T14:23:25.68285+00:00,2026-06-23T14:23:25.68285+00:00,0.008,,2025,false
188,44,2025,BIG 7,FA11/2025,CONVENZIONALI,SGUSCIATE,13/15,1000,0,Fabbrica,0.001,0.0266,0,0.05,0,,,2026-06-23T14:23:25.68285+00:00,2026-06-23T14:23:25.68285+00:00,0.003,,2025,false
189,45,2025,BIG 9,FA11/2025,CONVENZIONALI,SGUSCIATE,13/15,1000,0,Fabbrica,0,0.0233,0,0.0366,0,,,2026-06-23T14:23:25.68285+00:00,2026-06-23T14:23:25.68285+00:00,0.006,,2025,false
190,46,2025,BIG 21,FA11/2025,CONVENZIONALI,SGUSCIATE,13/15,1000,0,Fabbrica,0.001,0.0266,0,0.0366,0,,,2026-06-23T14:23:25.68285+00:00,2026-06-23T14:23:25.68285+00:00,0.006,,2025,false
191,48,2025,BIG 24,FA11/2025,CONVENZIONALI,SGUSCIATE,13/15,1000,0,Fabbrica,0.003,0.0233,0,0.0266,0,,,2026-06-23T14:23:25.68285+00:00,2026-06-23T14:23:25.68285+00:00,0.007,,2025,false
192,48,2025,BIG 28,FA11/2025,CONVENZIONALI,SGUSCIATE,13/15,1000,0,Fabbrica,0.001,0.02,0,0.03,0,,,2026-06-23T14:23:25.68285+00:00,2026-06-23T14:23:25.68285+00:00,0.004,,2025,false
193,48,2025,BIG 30,FA11/2025,CONVENZIONALI,SGUSCIATE,13/15,1000,0,Fabbrica,0.001,0.0133,0,0.0233,0,,,2026-06-23T14:23:25.68285+00:00,2026-06-23T14:23:25.68285+00:00,0.003,,2025,false
194,49,2025,BIG 32,FA12/2025,CONVENZIONALI,SGUSCIATE,13/15,1000,0,Fabbrica,0.002,0.0233,0,0.0633,0,,,2026-06-23T14:23:25.68285+00:00,2026-06-23T14:23:25.68285+00:00,0.003,,2025,false
195,49,2025,BIG 33,FA12/2025,CONVENZIONALI,SGUSCIATE,13/15,1000,0,Fabbrica,0.001,0.02,0,0.04,0,,,2026-06-23T14:23:25.68285+00:00,2026-06-23T14:23:25.68285+00:00,0.004,,2025,false
196,49,2025,BIG 34,FA12/2025,CONVENZIONALI,SGUSCIATE,13/15,1000,0,Fabbrica,0.001,0.02,0,0.0466,0,,,2026-06-23T14:23:25.68285+00:00,2026-06-23T14:23:25.68285+00:00,0.004,,2025,false
197,49,2025,BIG 35,FA12/2025,CONVENZIONALI,SGUSCIATE,13/15,1000,0,Fabbrica,0.002,0.0266,0,0.0366,0,,,2026-06-23T14:23:25.68285+00:00,2026-06-23T14:23:25.68285+00:00,0.004,,2025,false
198,49,2025,BIG 37,FA12/2025,CONVENZIONALI,SGUSCIATE,13/15,1000,0,Fabbrica,0.001,0.02,0,0.04,0,,,2026-06-23T14:23:25.68285+00:00,2026-06-23T14:23:25.68285+00:00,0.004,,2025,false
199,49,2025,BIG 39,FA12/2025,CONVENZIONALI,SGUSCIATE,13/15,1000,0,Fabbrica,0.003,0.02,0,0.0466,0,,,2026-06-23T14:23:25.68285+00:00,2026-06-23T14:23:25.68285+00:00,0.005,,2025,false
200,49,2025,BIG 40,FA12/2025,CONVENZIONALI,SGUSCIATE,13/15,1000,0,Fabbrica,0.001,0.0266,0,0.0466,0,,,2026-06-23T14:23:25.68285+00:00,2026-06-23T14:23:25.68285+00:00,0.003,,2025,false
351,20,2026,BIG03/2025,FI1459/2026,CONVENZIONALI,SCARTI,13/15,920,0,Vignanello,0.458,0.205,0,0.315,0.029,,,2026-06-23T14:23:26.391482+00:00,2026-06-23T14:23:26.391482+00:00,0,,2025,false
352,20,2026,BIG03/2025,FI1459/2026,CONVENZIONALI,SCARTI,11/13,730,0,Fabbrica,0.506,0.26,0,0.22,0.003,,,2026-06-23T14:23:26.391482+00:00,2026-06-23T14:23:26.391482+00:00,0,,2025,false
353,14,2026,BIG BAG N°1,SBSS125/2025,BIOSUISSE,SGUSCIATE,9/11,1000,0,Vignanello,0,0.0133,0,0.0366,0,,,2026-06-23T14:23:26.391482+00:00,2026-06-23T14:23:26.391482+00:00,0,,2025,false
354,14,2026,BIG BAG N°2,SBSS125/2025,BIOSUISSE,SGUSCIATE,9/11,669,0,Vignanello,0.001,0.02,0,0.05,0,,,2026-06-23T14:23:26.391482+00:00,2026-06-23T14:23:26.391482+00:00,0,,2025,false
355,14,2026,BIG BAG N°1,SBSS125/2025,BIOSUISSE,SGUSCIATE,11/13,1000,0,Vignanello,0,0.01,0,0.04,0,,,2026-06-23T14:23:26.391482+00:00,2026-06-23T14:23:26.391482+00:00,0,,2025,false
356,14,2026,BIG BAG N°2,SBSS125/2025,BIOSUISSE,SGUSCIATE,11/13,1000,0,Vignanello,0,0.01,0,0.0333,0,,,2026-06-23T14:23:26.391482+00:00,2026-06-23T14:23:26.391482+00:00,0,,2025,false
357,14,2026,BIG BAG N°3,SBSS125/2025,BIOSUISSE,SGUSCIATE,11/13,1000,0,Vignanello,0,0.0133,0,0.0433,0,,,2026-06-23T14:23:26.391482+00:00,2026-06-23T14:23:26.391482+00:00,0,,2025,false
358,14,2026,BIG BAG N°4,SBSS125/2025,BIOSUISSE,SGUSCIATE,11/13,1000,0,Vignanello,0,0.02,0,0.0433,0,,,2026-06-23T14:23:26.391482+00:00,2026-06-23T14:23:26.391482+00:00,0,,2025,false
359,14,2026,BIG BAG N°5,SBSS125/2025,BIOSUISSE,SGUSCIATE,11/13,1000,0,Vignanello,0,0.01,0,0.0533,0,,,2026-06-23T14:23:26.391482+00:00,2026-06-23T14:23:26.391482+00:00,0,,2025,false
360,14,2026,BIG BAG N°6,SBSS125/2025,BIOSUISSE,SGUSCIATE,11/13,1000,0,Vignanello,0,0.0033,0,0.06,0,,,2026-06-23T14:23:26.391482+00:00,2026-06-23T14:23:26.391482+00:00,0,,2025,false
361,14,2026,BIG BAG N°7,SBSS125/2025,BIOSUISSE,SGUSCIATE,11/13,1000,0,Vignanello,0,0.0033,0,0.0333,0,,,2026-06-23T14:23:26.391482+00:00,2026-06-23T14:23:26.391482+00:00,0,,2025,false
362,14,2026,BIG BAG N°8,SBSS125/2025,BIOSUISSE,SGUSCIATE,11/13,1000,0,Vignanello,0,0.0166,0,0.06,0,,,2026-06-23T14:23:26.391482+00:00,2026-06-23T14:23:26.391482+00:00,0,,2025,false
363,14,2026,BIG BAG N°9,SBSS125/2025,BIOSUISSE,SGUSCIATE,11/13,653,0,Vignanello,0.001,0.0233,0,0.0733,0,,,2026-06-23T14:23:26.391482+00:00,2026-06-23T14:23:26.391482+00:00,0,,2025,false
364,14,2026,BIG BAG N°1,SBSS125/2025,BIOSUISSE,SGUSCIATE,13/15,1000,0,Vignanello,0,0.0033,0,0.0366,0,,,2026-06-23T14:23:26.391482+00:00,2026-06-23T14:23:26.391482+00:00,0,,2025,false
365,14,2026,BIG BAG N°2,SBSS125/2025,BIOSUISSE,SGUSCIATE,13/15,1000,0,Vignanello,0,0.0066,0,0.0266,0,,,2026-06-23T14:23:26.391482+00:00,2026-06-23T14:23:26.391482+00:00,0,,2025,false
366,14,2026,BIG BAG N°3,SBSS125/2025,BIOSUISSE,SGUSCIATE,13/15,1000,0,Vignanello,0,0.0133,0,0.0566,0,,,2026-06-23T14:23:26.391482+00:00,2026-06-23T14:23:26.391482+00:00,0,,2025,false
367,14,2026,BIG BAG N°4,SBSS125/2025,BIOSUISSE,SGUSCIATE,13/15,1000,0,Vignanello,0.001,0.02,0,0.06,0,,,2026-06-23T14:23:26.391482+00:00,2026-06-23T14:23:26.391482+00:00,0,,2025,false
368,14,2026,BIG BAG N°5,SBSS125/2025,BIOSUISSE,SGUSCIATE,13/15,1000,0,Vignanello,0,0.01,0,0.0666,0,,,2026-06-23T14:23:26.391482+00:00,2026-06-23T14:23:26.391482+00:00,0,,2025,false
369,14,2026,BIG BAG N°6,SBSS125/2025,BIOSUISSE,SGUSCIATE,13/15,1000,0,Vignanello,0,0.0066,0,0.08,0,,,2026-06-23T14:23:26.391482+00:00,2026-06-23T14:23:26.391482+00:00,0,,2025,false
370,14,2026,BIG BAG N°7,SBSS125/2025,BIOSUISSE,SGUSCIATE,13/15,1000,0,Vignanello,0,0.0133,0,0.0766,0,,,2026-06-23T14:23:26.391482+00:00,2026-06-23T14:23:26.391482+00:00,0,,2025,false
371,14,2026,BIG BAG N°8,SBSS125/2025,BIOSUISSE,SGUSCIATE,13/15,1000,0,Vignanello,0,0.01,0,0.0566,0,,,2026-06-23T14:23:26.391482+00:00,2026-06-23T14:23:26.391482+00:00,0,,2025,false
372,14,2026,BIG BAG N°9,SBSS125/2025,BIOSUISSE,SGUSCIATE,13/15,1000,0,Vignanello,0,0.0133,0,0.0733,0,,,2026-06-23T14:23:26.391482+00:00,2026-06-23T14:23:26.391482+00:00,0,,2025,false
373,14,2026,BIG BAG N°10,SBSS125/2025,BIOSUISSE,SGUSCIATE,13/15,1092,0,Vignanello,0.001,0.02,0,0.0866,0,,,2026-06-23T14:23:26.391482+00:00,2026-06-23T14:23:26.391482+00:00,0,,2025,false
201,49,2025,BIG 41,FA12/2025,CONVENZIONALI,SGUSCIATE,13/15,1000,0,Fabbrica,0.001,0.0233,0,0.0566,0,,,2026-06-23T14:23:25.884887+00:00,2026-06-23T14:23:25.884887+00:00,0.004,,2025,false
202,49,2025,BIG 42,FA12/2025,CONVENZIONALI,SGUSCIATE,13/15,1000,0,Fabbrica,0.002,0.0266,0,0.0266,0,,,2026-06-23T14:23:25.884887+00:00,2026-06-23T14:23:25.884887+00:00,0.006,,2025,false
203,49,2025,BIG 43,FA12/2025,CONVENZIONALI,SGUSCIATE,13/15,1000,0,Fabbrica,0.001,0.0233,0,0.03,0,,,2026-06-23T14:23:25.884887+00:00,2026-06-23T14:23:25.884887+00:00,0.004,,2025,false
204,50,2025,BIG 49,FA12/2025,CONVENZIONALI,SGUSCIATE,13/15,1000,0,Fabbrica,0.001,0.0233,0,0.0366,0,,,2026-06-23T14:23:25.884887+00:00,2026-06-23T14:23:25.884887+00:00,0.004,,2025,false
205,50,2025,BIG 53,FA12/2025,CONVENZIONALI,SGUSCIATE,13/15,1000,0,Fabbrica,0.003,0.0266,0,0.0433,0,,,2026-06-23T14:23:25.884887+00:00,2026-06-23T14:23:25.884887+00:00,0.015,,2025,false
206,17,2026,BIG 56,FA04/2026,CONVENZIONALI,SGUSCIATE,13/15,1000,0,Fabbrica,0.001,0.0233,0,0.04,0,,,2026-06-23T14:23:25.884887+00:00,2026-06-23T14:23:25.884887+00:00,0.009,,2025,false
207,17,2026,BIG 57,FA04/2026,CONVENZIONALI,SGUSCIATE,13/15,1000,0,Fabbrica,0.001,0.0266,0,0.0566,0,,,2026-06-23T14:23:25.884887+00:00,2026-06-23T14:23:25.884887+00:00,0.007,,2025,false
208,17,2026,BIG 58,FA04/2026,CONVENZIONALI,SGUSCIATE,13/15,1000,0,Fabbrica,0,0.0166,0,0.03,0,,,2026-06-23T14:23:25.884887+00:00,2026-06-23T14:23:25.884887+00:00,0.005,,2025,false
209,17,2026,BIG 59,FA04/2026,CONVENZIONALI,SGUSCIATE,13/15,1000,0,Fabbrica,0.002,0.03,0,0.0533,0,,,2026-06-23T14:23:25.884887+00:00,2026-06-23T14:23:25.884887+00:00,0.017,,2025,false
210,17,2026,BIG 60,FA04/2026,CONVENZIONALI,SGUSCIATE,13/15,1000,0,Fabbrica,0.003,0.03,0,0.0433,0,,,2026-06-23T14:23:25.884887+00:00,2026-06-23T14:23:25.884887+00:00,0.004,,2025,false
211,18,2026,BIG 61,FA04/2026,CONVENZIONALI,SGUSCIATE,13/15,981,0,Fabbrica,0.001,0.0466,0,0.07,0,,,2026-06-23T14:23:25.884887+00:00,2026-06-23T14:23:25.884887+00:00,0,,2025,false
212,18,2026,BIG 62,FA04/2026,CONVENZIONALI,SGUSCIATE,13/15,1000,0,Fabbrica,0.002,0.05,0,0.0733,0,,,2026-06-23T14:23:25.884887+00:00,2026-06-23T14:23:25.884887+00:00,0.008,,2025,false
213,18,2026,BIG 63,FA04/2026,CONVENZIONALI,SGUSCIATE,13/15,1000,0,Fabbrica,0.004,0.0633,0,0.0633,0,,,2026-06-23T14:23:25.884887+00:00,2026-06-23T14:23:25.884887+00:00,0.009,,2025,false
214,18,2026,BIG 64,FA04/2026,CONVENZIONALI,SGUSCIATE,13/15,1000,0,Fabbrica,0.003,0.0666,0,0.0933,0,,,2026-06-23T14:23:25.884887+00:00,2026-06-23T14:23:25.884887+00:00,0.007,,2025,false
215,18,2026,BIG 65,FA04/2026,CONVENZIONALI,SGUSCIATE,13/15,1000,0,Fabbrica,0.004,0.06,0,0.0466,0,,,2026-06-23T14:23:25.884887+00:00,2026-06-23T14:23:25.884887+00:00,0.022,,2025,false
216,19,2026,BIG 66,FA05/2026,CONVENZIONALI,SGUSCIATE,13/15,1000,0,Fabbrica,0.004,0.0666,0,0.0666,0,,,2026-06-23T14:23:25.884887+00:00,2026-06-23T14:23:25.884887+00:00,0.014,,2025,false
217,19,2026,BIG 67,FA05/2026,CONVENZIONALI,SGUSCIATE,13/15,1000,0,Fabbrica,0.002,0.0633,0,0.0633,0,,,2026-06-23T14:23:25.884887+00:00,2026-06-23T14:23:25.884887+00:00,0.005,,2025,false
218,19,2026,BIG 68,FA05/2026,CONVENZIONALI,SGUSCIATE,13/15,1000,0,Fabbrica,0.003,0.06,0,0.05,0,,,2026-06-23T14:23:25.884887+00:00,2026-06-23T14:23:25.884887+00:00,0.017,,2025,false
219,19,2026,BIG 69,FA05/2026,CONVENZIONALI,SGUSCIATE,13/15,1000,0,Fabbrica,0.003,0.0566,0,0.0533,0,,,2026-06-23T14:23:25.884887+00:00,2026-06-23T14:23:25.884887+00:00,0.01,,2025,false
220,19,2026,BIG 70,FA05/2026,CONVENZIONALI,SGUSCIATE,13/15,1000,0,Fabbrica,0.004,0.0533,0,0.0466,0,,,2026-06-23T14:23:25.884887+00:00,2026-06-23T14:23:25.884887+00:00,0.019,,2025,false
221,19,2026,BIG 71,FA05/2026,CONVENZIONALI,SGUSCIATE,13/15,1000,0,Fabbrica,0.002,0.06,0,0.06,0,,,2026-06-23T14:23:25.884887+00:00,2026-06-23T14:23:25.884887+00:00,0.015,,2025,false
222,19,2026,BIG 72,FA05/2026,CONVENZIONALI,SGUSCIATE,13/15,1000,0,Fabbrica,0.004,0.04,0,0.0533,0,,,2026-06-23T14:23:25.884887+00:00,2026-06-23T14:23:25.884887+00:00,0.003,,2025,false
223,21,2026,BIG 73,FA05/2026,CONVENZIONALI,SGUSCIATE,13/15,1000,0,Fabbrica,0.004,0.05,0,0.0666,0,,,2026-06-23T14:23:25.884887+00:00,2026-06-23T14:23:25.884887+00:00,0.012,,2025,false
224,21,2026,BIG 74,FA05/2026,CONVENZIONALI,SGUSCIATE,13/15,1000,0,Fabbrica,0.008,0.0533,0,0.0533,0,,,2026-06-23T14:23:25.884887+00:00,2026-06-23T14:23:25.884887+00:00,0.014,,2025,false
225,21,2026,BIG 75,FA05/2026,CONVENZIONALI,SGUSCIATE,13/15,1000,0,Fabbrica,0.004,0.0733,0,0.0666,0,,,2026-06-23T14:23:25.884887+00:00,2026-06-23T14:23:25.884887+00:00,0.015,,2025,false
226,21,2026,BIG 76,FA05/2026,CONVENZIONALI,SGUSCIATE,13/15,1000,0,Fabbrica,0.005,0.0466,0,0.0833,0,,,2026-06-23T14:23:25.884887+00:00,2026-06-23T14:23:25.884887+00:00,0.015,,2025,false
227,21,2026,BIG 77,FA05/2026,CONVENZIONALI,SGUSCIATE,13/15,1000,0,Fabbrica,0.005,0.0666,0,0.0366,0,,,2026-06-23T14:23:25.884887+00:00,2026-06-23T14:23:25.884887+00:00,0.013,,2025,false
228,21,2026,BIG 78,FA05/2026,CONVENZIONALI,SGUSCIATE,13/15,1000,0,Fabbrica,0.005,0.0566,0,0.0366,0,,,2026-06-23T14:23:25.884887+00:00,2026-06-23T14:23:25.884887+00:00,0.031,,2025,false
229,23,2026,BIG 79,FA05/2026,CONVENZIONALI,SGUSCIATE,13/15,1000,0,Fabbrica,0.005,0.0733,0,0.0633,0,,,2026-06-23T14:23:25.884887+00:00,2026-06-23T14:23:25.884887+00:00,0.036,,2025,false
230,23,2026,BIG 80,FA05/2026,CONVENZIONALI,SGUSCIATE,13/15,1000,0,Fabbrica,0.007,0.05,0,0.0766,0,,,2026-06-23T14:23:25.884887+00:00,2026-06-23T14:23:25.884887+00:00,0.019,,2025,false
231,23,2026,BIG 81,FA05/2026,CONVENZIONALI,SGUSCIATE,13/15,1000,0,Fabbrica,0.008,0.0433,0,0.05,0,,,2026-06-23T14:23:25.884887+00:00,2026-06-23T14:23:25.884887+00:00,0.01,,2025,false
232,23,2026,BIG 82,FA05/2026,CONVENZIONALI,SGUSCIATE,13/15,1000,0,Fabbrica,0.006,0.06,0,0.0666,0,,,2026-06-23T14:23:25.884887+00:00,2026-06-23T14:23:25.884887+00:00,0.012,,2025,false
233,23,2026,BIG 83,FA05/2026,CONVENZIONALI,SGUSCIATE,13/15,1000,0,Fabbrica,0.004,0.07,0,0.0566,0,,,2026-06-23T14:23:25.884887+00:00,2026-06-23T14:23:25.884887+00:00,0.011,,2025,false
234,23,2026,BIG 84,FA05/2026,CONVENZIONALI,SGUSCIATE,13/15,1000,0,Fabbrica,0.007,0.04,0,0.0533,0,,,2026-06-23T14:23:25.884887+00:00,2026-06-23T14:23:25.884887+00:00,0.009,,2025,false
235,23,2026,BIG 85,FA05/2026,CONVENZIONALI,SGUSCIATE,13/15,1000,0,Fabbrica,0.003,0.0266,0,0.07,0,,,2026-06-23T14:23:25.884887+00:00,2026-06-23T14:23:25.884887+00:00,0.008,,2025,false
236,23,2026,BIG 86,FA06/2026,CONVENZIONALI,SGUSCIATE,13/15,552,0,Fabbrica,0.004,0.03,0,0.0666,0,,,2026-06-23T14:23:25.884887+00:00,2026-06-23T14:23:25.884887+00:00,0.044,,2025,false
237,46,2025,BIG BAG N° 3,SO112025,CONVENZIONALI,SGUSCIATE,13/15,1000,0,Fabbrica,0,0.02,0,0.06,0,,,2026-06-23T14:23:25.884887+00:00,2026-06-23T14:23:25.884887+00:00,0,,2025,false
238,46,2025,BIG BAG N° 6,SO112025,CONVENZIONALI,SGUSCIATE,13/15,1000,0,Fabbrica,0.001,0.02,0,0.0966,0,,,2026-06-23T14:23:25.884887+00:00,2026-06-23T14:23:25.884887+00:00,0,,2025,false
239,46,2025,BIG BAG N° 7,SO112025,CONVENZIONALI,SGUSCIATE,13/15,1000,0,Fabbrica,0.002,0.0333,0,0.1266,0,,,2026-06-23T14:23:25.884887+00:00,2026-06-23T14:23:25.884887+00:00,0,,2025,false
240,46,2025,BIG BAG N° 8,SO112025,CONVENZIONALI,SGUSCIATE,13/15,1000,0,Fabbrica,0.001,0.0266,0,0.1,0,,,2026-06-23T14:23:25.884887+00:00,2026-06-23T14:23:25.884887+00:00,0,,2025,false
241,46,2025,BIG BAG N° 9,SO112025,CONVENZIONALI,SGUSCIATE,13/15,1000,0,Fabbrica,0.002,0.0233,0,0.08,0,,,2026-06-23T14:23:25.884887+00:00,2026-06-23T14:23:25.884887+00:00,0,,2025,false
242,46,2025,BIG BAG N° 10,SO112025,CONVENZIONALI,SGUSCIATE,13/15,1000,0,Fabbrica,0,0.02,0,0.1433,0,,,2026-06-23T14:23:25.884887+00:00,2026-06-23T14:23:25.884887+00:00,0,,2025,false
243,46,2025,BIG BAG N° 11,SO112025,CONVENZIONALI,SGUSCIATE,13/15,1000,0,Fabbrica,0,0.0233,0,0.1133,0,,,2026-06-23T14:23:25.884887+00:00,2026-06-23T14:23:25.884887+00:00,0,,2025,false
244,46,2025,BIG BAG N° 12,SO112025,CONVENZIONALI,SGUSCIATE,13/15,1000,0,Fabbrica,0.002,0.03,0,0.0933,0,,,2026-06-23T14:23:25.884887+00:00,2026-06-23T14:23:25.884887+00:00,0,,2025,false
245,46,2025,BIG BAG N° 15,SO112025,CONVENZIONALI,SGUSCIATE,13/15,1000,0,Fabbrica,0,0.02,0,0.0333,0,,,2026-06-23T14:23:25.884887+00:00,2026-06-23T14:23:25.884887+00:00,0,,2025,false
246,46,2025,BIG BAG N° 16,SO112025,CONVENZIONALI,SGUSCIATE,13/15,1000,0,Fabbrica,0,0.02,0,0.0433,0,,,2026-06-23T14:23:25.884887+00:00,2026-06-23T14:23:25.884887+00:00,0,,2025,false
416,14,2026,BIG BAG,,CONVENZIONALI,SGUSCIATE,DA SCEGLIERE,885,0,Fabbrica,0,0,0,0,0,,,2026-06-23T14:23:45.265902+00:00,2026-06-23T14:23:45.265902+00:00,0,,2024,false
247,46,2025,BIG BAG N° 17,SO112025,CONVENZIONALI,SGUSCIATE,13/15,1000,0,Fabbrica,0.001,0.0233,0,0.05,0,,,2026-06-23T14:23:25.884887+00:00,2026-06-23T14:23:25.884887+00:00,0,,2025,false
248,46,2025,BIG BAG N° 21,SO112025,CONVENZIONALI,SGUSCIATE,13/15,600,0,Fabbrica,0.001,0.02,0,0.0333,0,,,2026-06-23T14:23:25.884887+00:00,2026-06-23T14:23:25.884887+00:00,0,,2025,false
249,46,2025,BIG BAG N° 21,SO112025,CONVENZIONALI,SGUSCIATE,13/15,400,0,Fabbrica,0.001,0.02,0,0.0333,0,,,2026-06-23T14:23:25.884887+00:00,2026-06-23T14:23:25.884887+00:00,0,,2025,false
250,46,2025,BIG BAG N° 24,SO112025,CONVENZIONALI,SGUSCIATE,13/15,1000,0,Fabbrica,0,0.0166,0,0.0333,0,,,2026-06-23T14:23:25.884887+00:00,2026-06-23T14:23:25.884887+00:00,0,,2025,false
374,22,2025,BIG BAG 5,SG05/2025,GIFFONI,SGUSCIATE,9/11,1000,0,Fabbrica,0.003,0.015,0,0.025,0,,,2026-06-23T14:23:45.265902+00:00,2026-06-23T14:23:45.265902+00:00,0,,2024,false
375,22,2025,BIG BAG 6,SG05/2025,GIFFONI,SGUSCIATE,9/11,1000,0,Fabbrica,0.004,0.03,0,0.01,0,,,2026-06-23T14:23:45.265902+00:00,2026-06-23T14:23:45.265902+00:00,0,,2024,false
376,22,2025,BIG BAG 7,SG05/2025,GIFFONI,SGUSCIATE,9/11,1000,0,Fabbrica,0.002,0.02,0,0.015,0,,,2026-06-23T14:23:45.265902+00:00,2026-06-23T14:23:45.265902+00:00,0,,2024,false
377,6,2025,BIG BAG N.5,SO022025,CONVENZIONALI,SGUSCIATE,13/15,1000,0,Fabbrica,0.001,0.0166,0,0.1366,0,,,2026-06-23T14:23:45.265902+00:00,2026-06-23T14:23:45.265902+00:00,0,,2024,false
378,6,2025,BIG BAG N.7,SO022025,CONVENZIONALI,SGUSCIATE,13/15,1000,0,Fabbrica,0.001,0.02,0.0966,0,0,,,2026-06-23T14:23:45.265902+00:00,2026-06-23T14:23:45.265902+00:00,0,,2024,false
379,6,2025,BIG BAG N.9,SO022025,CONVENZIONALI,SGUSCIATE,13/15,1000,0,Fabbrica,0,0.0066,0,0.0833,0,,,2026-06-23T14:23:45.265902+00:00,2026-06-23T14:23:45.265902+00:00,0,,2024,false
380,6,2025,BIG BAG N.13,SO022025,CONVENZIONALI,SGUSCIATE,13/15,1000,0,Fabbrica,0.001,0.02,0,0.0866,0,,,2026-06-23T14:23:45.265902+00:00,2026-06-23T14:23:45.265902+00:00,0,,2024,false
381,6,2025,BIG BAG N.16,SO022025,CONVENZIONALI,SGUSCIATE,13/15,1000,0,Fabbrica,0.001,0.0166,0,0.0866,0,,,2026-06-23T14:23:45.265902+00:00,2026-06-23T14:23:45.265902+00:00,0,,2024,false
382,7,2025,sacchi kg 25,SO022025,CONVENZIONALI,SGUSCIATE,13/15,700,0,Vignanello,0,0.0233,0,0.11,0,,,2026-06-23T14:23:45.265902+00:00,2026-06-23T14:23:45.265902+00:00,0,,2024,false
383,11,2025,BIG BAG N.5,SO032025,CONVENZIONALI,SGUSCIATE,13/15,680,0,Fabbrica,0.002,0.0266,0,0.1133,0,,,2026-06-23T14:23:45.265902+00:00,2026-06-23T14:23:45.265902+00:00,0,,2024,false
384,24,2025,BIG BAG N. 2,SO062025,CONVENZIONALI,SGUSCIATE,13/15,1000,0,Fabbrica,0,0.005,0,0.025,0,,,2026-06-23T14:23:45.265902+00:00,2026-06-23T14:23:45.265902+00:00,0,,2024,false
385,24,2025,BIG BAG N. 3,SO062025,CONVENZIONALI,SGUSCIATE,13/15,1000,0,Fabbrica,0,0.02,0,0.01,0,,,2026-06-23T14:23:45.265902+00:00,2026-06-23T14:23:45.265902+00:00,0,,2024,false
386,4,2025,BIG 107,FA01/2025,CONVENZIONALI,SGUSCIATE,13/15,1000,0,Fabbrica,0,0.0233,0,0.04,0,,,2026-06-23T14:23:45.265902+00:00,2026-06-23T14:23:45.265902+00:00,0,,2024,false
387,4,2025,BIG 45,FA01/2025,CONVENZIONALI,SGUSCIATE,13/15,1000,0,Fabbrica,0,0.0166,0,0.0433,0,,,2026-06-23T14:23:45.265902+00:00,2026-06-23T14:23:45.265902+00:00,0,,2024,false
388,4,2025,BIG 49,FA01/2025,CONVENZIONALI,SGUSCIATE,13/15,1000,0,Fabbrica,0,0.01,0,0.0433,0,,,2026-06-23T14:23:45.265902+00:00,2026-06-23T14:23:45.265902+00:00,0,,2024,false
389,5,2025,BIG 54,FA02/2025,CONVENZIONALI,SGUSCIATE,13/15,1000,0,Fabbrica,0,0.0233,0,0.0666,0,,,2026-06-23T14:23:45.265902+00:00,2026-06-23T14:23:45.265902+00:00,0,,2024,false
390,11,2025,BIG 75,FA03/2025,CONVENZIONALI,SGUSCIATE,13/15,1000,0,Fabbrica,0,0.01,0,0.0466,0,,,2026-06-23T14:23:45.265902+00:00,2026-06-23T14:23:45.265902+00:00,0,,2024,false
391,17,2025,BIG 77,FA03/2025,CONVENZIONALI,SGUSCIATE,13/15,1000,0,Fabbrica,0,0.0133,0,0.0733,0,,,2026-06-23T14:23:45.265902+00:00,2026-06-23T14:23:45.265902+00:00,0,,2024,false
392,17,2025,BIG 78,FA03/2025,CONVENZIONALI,SGUSCIATE,13/15,1000,0,Fabbrica,0,0.0266,0,0.04,0,,,2026-06-23T14:23:45.265902+00:00,2026-06-23T14:23:45.265902+00:00,0,,2024,false
393,17,2025,BIG 85,FA04/2025,CONVENZIONALI,SGUSCIATE,13/15,1000,0,Fabbrica,0,0.0266,0,0.0566,0,,,2026-06-23T14:23:45.265902+00:00,2026-06-23T14:23:45.265902+00:00,0,,2024,false
394,23,2025,BIG 101,FA06/2025,CONVENZIONALI,SGUSCIATE,13/15,1000,0,Fabbrica,0,0.0166,0,0.0566,0,,,2026-06-23T14:23:45.265902+00:00,2026-06-23T14:23:45.265902+00:00,0,,2024,false
395,23,2025,BIG 102,FA06/2025,CONVENZIONALI,SGUSCIATE,13/15,1000,0,Fabbrica,0,0.03,0,0.0433,0,,,2026-06-23T14:23:45.265902+00:00,2026-06-23T14:23:45.265902+00:00,0,,2024,false
396,12,2026,BIG BAG,SO11/2024,CONVENZIONALI,ROTTAME,DA SCEGLIERE,1000,0,Fabbrica,0.055,0,0,0,0.005,,,2026-06-23T14:23:45.265902+00:00,2026-06-23T14:23:45.265902+00:00,0,,2024,false
397,12,2026,BIG BAG,SO102024,CONVENZIONALI,ROTTAME,DA SCEGLIERE,1000,0,Fabbrica,0.1066,0,0,0,0.003,,,2026-06-23T14:23:45.265902+00:00,2026-06-23T14:23:45.265902+00:00,0,,2024,false
398,12,2026,BIG BAG,SO102024,CONVENZIONALI,ROTTAME,DA SCEGLIERE,1000,0,Fabbrica,0.068,0,0,0,0.003,,,2026-06-23T14:23:45.265902+00:00,2026-06-23T14:23:45.265902+00:00,0,,2024,false
399,12,2026,BIG BAG,SO112024,CONVENZIONALI,ROTTAME,DA SCEGLIERE,1000,0,Fabbrica,0.074,0,0,0,0.003,,,2026-06-23T14:23:45.265902+00:00,2026-06-23T14:23:45.265902+00:00,0,,2024,false
400,12,2026,BIG BAG,SO112024,CONVENZIONALI,ROTTAME,DA SCEGLIERE,1000,0,Fabbrica,0.068,0,0,0,0.002,,,2026-06-23T14:23:45.265902+00:00,2026-06-23T14:23:45.265902+00:00,0,,2024,false
401,12,2026,BIG BAG,SO112024,CONVENZIONALI,ROTTAME,DA SCEGLIERE,1000,0,Fabbrica,0.086,0,0,0,0.003,,,2026-06-23T14:23:45.265902+00:00,2026-06-23T14:23:45.265902+00:00,0,,2024,false
402,26,2025,BIG BAG N°8,SF062025,CONVENZIONALI,ROTTAME,DA SCEGLIERE,1000,0,Fabbrica,0.029,0,0,0,0,,,2026-06-23T14:23:45.265902+00:00,2026-06-23T14:23:45.265902+00:00,0,,2024,false
403,26,2025,BIG BAG N°9,SF062025,CONVENZIONALI,ROTTAME,DA SCEGLIERE,1000,0,Fabbrica,0.036,0,0,0,0,,,2026-06-23T14:23:45.265902+00:00,2026-06-23T14:23:45.265902+00:00,0,,2024,false
404,26,2025,BIG BAG N°11,SF062025,CONVENZIONALI,ROTTAME,DA SCEGLIERE,1000,0,Fabbrica,0.026,0,0,0,0,,,2026-06-23T14:23:45.265902+00:00,2026-06-23T14:23:45.265902+00:00,0,,2024,false
405,26,2025,BIG BAG N°12,SF062025,CONVENZIONALI,ROTTAME,DA SCEGLIERE,1000,0,Fabbrica,0.08,0,0,0,0.001,,,2026-06-23T14:23:45.265902+00:00,2026-06-23T14:23:45.265902+00:00,0,,2024,false
406,26,2025,BIG BAG N°13,SF062025,CONVENZIONALI,ROTTAME,DA SCEGLIERE,1000,0,Fabbrica,0.086,0,0,0,0.002,,,2026-06-23T14:23:45.265902+00:00,2026-06-23T14:23:45.265902+00:00,0,,2024,false
407,26,2025,BIG BAG N°14,SF062025,CONVENZIONALI,ROTTAME,DA SCEGLIERE,1000,0,Fabbrica,0.073,0,0,0,0,,,2026-06-23T14:23:45.265902+00:00,2026-06-23T14:23:45.265902+00:00,0,,2024,false
408,26,2025,BIG BAG N°15,SF062025,CONVENZIONALI,ROTTAME,DA SCEGLIERE,1000,0,Fabbrica,0.057,0,0,0,0,,,2026-06-23T14:23:45.265902+00:00,2026-06-23T14:23:45.265902+00:00,0,,2024,false
409,14,2026,BIG BAG,,CONVENZIONALI,SGUSCIATE,DA SCEGLIERE,897,0,Fabbrica,0,0,0,0,0,,,2026-06-23T14:23:45.265902+00:00,2026-06-23T14:23:45.265902+00:00,0,,2024,false
410,14,2026,BIG BAG,,CONVENZIONALI,SGUSCIATE,DA SCEGLIERE,950,0,Fabbrica,0,0,0,0,0,,,2026-06-23T14:23:45.265902+00:00,2026-06-23T14:23:45.265902+00:00,0,,2024,false
411,14,2026,BIG BAG,,CONVENZIONALI,SGUSCIATE,DA SCEGLIERE,341,0,Fabbrica,0,0,0,0,0,,,2026-06-23T14:23:45.265902+00:00,2026-06-23T14:23:45.265902+00:00,0,,2024,false
412,14,2026,BIG BAG,,CONVENZIONALI,SGUSCIATE,DA SCEGLIERE,526,0,Fabbrica,0,0,0,0,0,,,2026-06-23T14:23:45.265902+00:00,2026-06-23T14:23:45.265902+00:00,0,,2024,false
413,14,2026,BIG BAG,,CONVENZIONALI,SGUSCIATE,DA SCEGLIERE,1000,0,Fabbrica,0,0,0,0,0,,,2026-06-23T14:23:45.265902+00:00,2026-06-23T14:23:45.265902+00:00,0,,2024,false
414,14,2026,BIG BAG,,CONVENZIONALI,SGUSCIATE,DA SCEGLIERE,540,0,Fabbrica,0,0,0,0,0,,,2026-06-23T14:23:45.265902+00:00,2026-06-23T14:23:45.265902+00:00,0,,2024,false
415,14,2026,BIG BAG,,CONVENZIONALI,SGUSCIATE,DA SCEGLIERE,490,0,Fabbrica,0,0,0,0,0,,,2026-06-23T14:23:45.265902+00:00,2026-06-23T14:23:45.265902+00:00,0,,2024,false
251,16,2026,BIG BAG N° 1,SO042026,CONVENZIONALI,SGUSCIATE,13/15,1000,0,Fabbrica,0,0.0233,0,0.07,0,,,2026-06-23T14:23:26.031776+00:00,2026-06-23T14:23:26.031776+00:00,0,,2025,false
252,16,2026,BIG BAG N° 2,SO042026,CONVENZIONALI,SGUSCIATE,13/15,1000,0,Fabbrica,0,0.02,0,0.095,0,,,2026-06-23T14:23:26.031776+00:00,2026-06-23T14:23:26.031776+00:00,0,,2025,false
253,16,2026,BIG BAG N° 3,SO042026,CONVENZIONALI,SGUSCIATE,13/15,1000,0,Fabbrica,0.001,0.02,0,0.095,0,,,2026-06-23T14:23:26.031776+00:00,2026-06-23T14:23:26.031776+00:00,0,,2025,false
254,16,2026,BIG BAG N° 4,SO042026,CONVENZIONALI,SGUSCIATE,13/15,1000,0,Fabbrica,0.001,0.015,0,0.085,0,,,2026-06-23T14:23:26.031776+00:00,2026-06-23T14:23:26.031776+00:00,0,,2025,false
255,17,2026,BIG BAG N° 6,SO042026,CONVENZIONALI,SGUSCIATE,13/15,1000,0,Fabbrica,0.001,0.015,0,0.095,0,,,2026-06-23T14:23:26.031776+00:00,2026-06-23T14:23:26.031776+00:00,0,,2025,false
256,17,2026,BIG BAG N° 7,SO042026,CONVENZIONALI,SGUSCIATE,13/15,1000,0,Fabbrica,0.001,0.03,0,0.1,0,,,2026-06-23T14:23:26.031776+00:00,2026-06-23T14:23:26.031776+00:00,0,,2025,false
257,17,2026,BIG BAG N° 8,SO042026,CONVENZIONALI,SGUSCIATE,13/15,1000,0,Fabbrica,0.003,0.035,0,0.11,0,,,2026-06-23T14:23:26.031776+00:00,2026-06-23T14:23:26.031776+00:00,0,,2025,false
258,17,2026,BIG BAG N° 9,SO042026,CONVENZIONALI,SGUSCIATE,13/15,1000,0,Fabbrica,0.003,0.0366,0,0.113,0,,,2026-06-23T14:23:26.031776+00:00,2026-06-23T14:23:26.031776+00:00,0,,2025,false
259,22,2026,BIG BAG N° 1,SO052026,CONVENZIONALI,SGUSCIATE,13/15,1000,0,Vignanello,0.005,0.02,0,0.0333,0,,,2026-06-23T14:23:26.031776+00:00,2026-06-23T14:23:26.031776+00:00,0,,2025,false
260,22,2026,BIG BAG N° 2,SO052026,CONVENZIONALI,SGUSCIATE,13/15,1000,0,Vignanello,0.003,0.0266,0,0.0533,0,,,2026-06-23T14:23:26.031776+00:00,2026-06-23T14:23:26.031776+00:00,0,,2025,false
261,22,2026,BIG BAG N° 3,SO052026,CONVENZIONALI,SGUSCIATE,13/15,1000,0,Vignanello,0.007,0.03,0,0.0933,0,,,2026-06-23T14:23:26.031776+00:00,2026-06-23T14:23:26.031776+00:00,0,,2025,false
262,22,2026,BIG BAG N° 4,SO052026,CONVENZIONALI,SGUSCIATE,13/15,1000,0,Vignanello,0.005,0.03,0,0.0733,0,,,2026-06-23T14:23:26.031776+00:00,2026-06-23T14:23:26.031776+00:00,0,,2025,false
263,22,2026,BIG BAG N° 5,SO052026,CONVENZIONALI,SGUSCIATE,13/15,1000,0,Vignanello,0.005,0.05,0,0.0866,0,,,2026-06-23T14:23:26.031776+00:00,2026-06-23T14:23:26.031776+00:00,0,,2025,false
264,22,2026,BIG BAG N° 6,SO052026,CONVENZIONALI,SGUSCIATE,13/15,1000,0,Vignanello,0.009,0.0166,0,0.07,0,,,2026-06-23T14:23:26.031776+00:00,2026-06-23T14:23:26.031776+00:00,0,,2025,false
265,22,2026,BIG BAG N° 7,SO052026,CONVENZIONALI,SGUSCIATE,13/15,1000,0,Vignanello,0.002,0.02,0,0.0666,0,,,2026-06-23T14:23:26.031776+00:00,2026-06-23T14:23:26.031776+00:00,0,,2025,false
266,22,2026,BIG BAG N° 8,SO052026,CONVENZIONALI,SGUSCIATE,13/15,1000,0,Vignanello,0.006,0.05,0,0.0933,0,,,2026-06-23T14:23:26.031776+00:00,2026-06-23T14:23:26.031776+00:00,0,,2025,false
267,22,2026,BIG BAG N° 9,SO052026,CONVENZIONALI,SGUSCIATE,13/15,1000,0,Vignanello,0.005,0.0366,0,0.0866,0,,,2026-06-23T14:23:26.031776+00:00,2026-06-23T14:23:26.031776+00:00,0,,2025,false
268,22,2026,BIG BAG N° 10,SO052026,CONVENZIONALI,SGUSCIATE,13/15,1000,0,Vignanello,0.005,0.0333,0,0.0933,0,,,2026-06-23T14:23:26.031776+00:00,2026-06-23T14:23:26.031776+00:00,0,,2025,false
269,22,2026,BIG BAG N° 11,SO052026,CONVENZIONALI,SGUSCIATE,13/15,1000,0,Vignanello,0.007,0.0166,0,0.0966,0,,,2026-06-23T14:23:26.031776+00:00,2026-06-23T14:23:26.031776+00:00,0,,2025,false
270,22,2026,BIG BAG N° 12,SO052026,CONVENZIONALI,SGUSCIATE,13/15,1000,0,Vignanello,0.004,0.04,0,0.06,0,,,2026-06-23T14:23:26.031776+00:00,2026-06-23T14:23:26.031776+00:00,0,,2025,false
271,22,2026,BIG BAG N° 13,SO052026,CONVENZIONALI,SGUSCIATE,13/15,1000,0,Vignanello,0.005,0.0433,0,0.0833,0,,,2026-06-23T14:23:26.031776+00:00,2026-06-23T14:23:26.031776+00:00,0,,2025,false
272,22,2026,BIG BAG N° 14,SO052026,CONVENZIONALI,SGUSCIATE,13/15,1000,0,Vignanello,0.012,0.03,0,0.0933,0,,,2026-06-23T14:23:26.031776+00:00,2026-06-23T14:23:26.031776+00:00,0,,2025,false
273,22,2026,BIG BAG N° 15,SO052026,CONVENZIONALI,SGUSCIATE,13/15,1000,0,Vignanello,0.01,0.0333,0,0.1033,0,,,2026-06-23T14:23:26.031776+00:00,2026-06-23T14:23:26.031776+00:00,0,,2025,false
274,22,2026,BIG BAG N° 16,SO052026,CONVENZIONALI,SGUSCIATE,13/15,1000,0,Vignanello,0.008,0.0433,0,0.1,0,,,2026-06-23T14:23:26.031776+00:00,2026-06-23T14:23:26.031776+00:00,0,,2025,false
275,22,2026,BIG BAG N° 17,SO052026,CONVENZIONALI,SGUSCIATE,13/15,1000,0,Vignanello,0.006,0.04,0,0.0866,0,,,2026-06-23T14:23:26.031776+00:00,2026-06-23T14:23:26.031776+00:00,0,,2025,false
276,24,2026,BIG BAG N° 1,SO062026,CONVENZIONALI,SGUSCIATE,13/15,1000,0,Vignanello,0.004,0.0466,0,0.0966,0,,,2026-06-23T14:23:26.031776+00:00,2026-06-23T14:23:26.031776+00:00,0,,2025,false
277,24,2026,BIG BAG N° 2,SO062026,CONVENZIONALI,SGUSCIATE,13/15,1000,0,Vignanello,0.003,0.0533,0,0.1066,0,,,2026-06-23T14:23:26.031776+00:00,2026-06-23T14:23:26.031776+00:00,0,,2025,false
278,24,2026,BIG BAG N° 3,SO062026,CONVENZIONALI,SGUSCIATE,13/15,1000,0,Vignanello,0.004,0.04,0,0.0866,0,,,2026-06-23T14:23:26.031776+00:00,2026-06-23T14:23:26.031776+00:00,0,,2025,false
279,24,2026,BIG BAG N° 4,SO062026,CONVENZIONALI,SGUSCIATE,13/15,1000,0,Vignanello,0.005,0.0366,0,0.1033,0,,,2026-06-23T14:23:26.031776+00:00,2026-06-23T14:23:26.031776+00:00,0,,2025,false
280,24,2026,BIG BAG N° 5,SO062026,CONVENZIONALI,SGUSCIATE,13/15,1000,0,Vignanello,0.006,0.0566,0,0.0866,0,,,2026-06-23T14:23:26.031776+00:00,2026-06-23T14:23:26.031776+00:00,0,,2025,false
281,24,2026,BIG BAG N° 6,SO062026,CONVENZIONALI,SGUSCIATE,13/15,1000,0,Vignanello,0.005,0.06,0,0.1033,0,,,2026-06-23T14:23:26.031776+00:00,2026-06-23T14:23:26.031776+00:00,0,,2025,false
282,24,2026,BIG BAG N° 7,SO062026,CONVENZIONALI,SGUSCIATE,13/15,1000,0,Vignanello,0.007,0.0366,0,0.0866,0,,,2026-06-23T14:23:26.031776+00:00,2026-06-23T14:23:26.031776+00:00,0,,2025,false
283,24,2026,BIG BAG N° 8,SO062026,CONVENZIONALI,SGUSCIATE,13/15,1000,0,Vignanello,0.006,0.05,0,0.0966,0,,,2026-06-23T14:23:26.031776+00:00,2026-06-23T14:23:26.031776+00:00,0,,2025,false
284,24,2026,BIG BAG N° 9,SO062026,CONVENZIONALI,SGUSCIATE,13/15,1000,0,Vignanello,0.004,0.0466,0,0.0666,0,,,2026-06-23T14:23:26.031776+00:00,2026-06-23T14:23:26.031776+00:00,0,,2025,false
285,24,2026,BIG BAG N° 10,SO062026,CONVENZIONALI,SGUSCIATE,13/15,1000,0,Vignanello,0.003,0.04,0,0.0766,0,,,2026-06-23T14:23:26.031776+00:00,2026-06-23T14:23:26.031776+00:00,0,,2025,false
286,24,2026,BIG BAG N° 11,SO062026,CONVENZIONALI,SGUSCIATE,13/15,1000,0,Vignanello,0.003,0.0466,0,0.08,0,,,2026-06-23T14:23:26.031776+00:00,2026-06-23T14:23:26.031776+00:00,0,,2025,false
287,24,2026,BIG BAG N° 12,SO062026,CONVENZIONALI,SGUSCIATE,13/15,1000,0,Vignanello,0.003,0.04,0,0.0833,0,,,2026-06-23T14:23:26.031776+00:00,2026-06-23T14:23:26.031776+00:00,0,,2025,false
288,24,2026,BIG BAG N° 13,SO062026,CONVENZIONALI,SGUSCIATE,13/15,1000,0,Vignanello,0.004,0.0466,0,0.1,0,,,2026-06-23T14:23:26.031776+00:00,2026-06-23T14:23:26.031776+00:00,0,,2025,false
289,24,2026,BIG BAG N° 14,SO062026,CONVENZIONALI,SGUSCIATE,13/15,1000,0,Vignanello,0.003,0.02,0,0.0766,0,,,2026-06-23T14:23:26.031776+00:00,2026-06-23T14:23:26.031776+00:00,0,,2025,false
290,24,2026,BIG BAG N° 15,SO062026,CONVENZIONALI,SGUSCIATE,13/15,1000,0,Vignanello,0.005,0.02,0,0.06,0,,,2026-06-23T14:23:26.031776+00:00,2026-06-23T14:23:26.031776+00:00,0,,2025,false
291,24,2026,BIG BAG N° 16,SO062026,CONVENZIONALI,SGUSCIATE,13/15,1000,0,Vignanello,0.004,0.0333,0,0.0566,0,,,2026-06-23T14:23:26.031776+00:00,2026-06-23T14:23:26.031776+00:00,0,,2025,false
292,24,2026,BIG BAG N° 17,SO062026,CONVENZIONALI,SGUSCIATE,13/15,1000,0,Vignanello,0.003,0.0266,0,0.06,0,,,2026-06-23T14:23:26.031776+00:00,2026-06-23T14:23:26.031776+00:00,0,,2025,false
293,24,2026,BIG BAG N° 18,SO062026,CONVENZIONALI,SGUSCIATE,13/15,1000,0,Vignanello,0.005,0.02,0,0.06,0,,,2026-06-23T14:23:26.031776+00:00,2026-06-23T14:23:26.031776+00:00,0,,2025,false
294,17,2026,BIG 1,FI1459/2026,CONVENZIONALI,SGUSCIATE,13/15,1000,0,Fabbrica,0.009,0.0633,0,0.14,0,,,2026-06-23T14:23:26.031776+00:00,2026-06-23T14:23:26.031776+00:00,0,,2025,false
295,17,2026,BIG 2,FI1459/2026,CONVENZIONALI,SGUSCIATE,13/15,1000,0,Fabbrica,0.008,0.05,0,0.23,0,,,2026-06-23T14:23:26.031776+00:00,2026-06-23T14:23:26.031776+00:00,0,,2025,false
296,17,2026,BIG 3,FI1459/2026,CONVENZIONALI,SGUSCIATE,13/15,1000,0,Fabbrica,0.005,0.0566,0,0.13,0,,,2026-06-23T14:23:26.031776+00:00,2026-06-23T14:23:26.031776+00:00,0,,2025,false
297,17,2026,BIG 4,FI1459/2026,CONVENZIONALI,SGUSCIATE,13/15,1000,0,Fabbrica,0.007,0.05,0,0.1766,0,,,2026-06-23T14:23:26.031776+00:00,2026-06-23T14:23:26.031776+00:00,0,,2025,false
298,18,2026,BIG 5,FI1459/2026,CONVENZIONALI,SGUSCIATE,13/15,1000,0,Fabbrica,0.01,0.0533,0,0.1533,0,,,2026-06-23T14:23:26.031776+00:00,2026-06-23T14:23:26.031776+00:00,0,,2025,false
299,18,2026,BIG 6,FI1459/2026,CONVENZIONALI,SGUSCIATE,13/15,1000,0,Fabbrica,0.005,0.0733,0,0.1566,0,,,2026-06-23T14:23:26.031776+00:00,2026-06-23T14:23:26.031776+00:00,0,,2025,false
300,18,2026,BIG 7,FI1459/2026,CONVENZIONALI,SGUSCIATE,13/15,1000,0,Fabbrica,0.01,0.0666,0,0.13,0,,,2026-06-23T14:23:26.031776+00:00,2026-06-23T14:23:26.031776+00:00,0,,2025,false
424,21,2025,BIG BAG N°4,S103/2024,FAIR FOR LIFE,SGUSCIATE,9/11,1000,0,Vignanello,0.002,0.0166,0,0.0466,0,,,2026-06-23T14:23:45.554466+00:00,2026-06-23T14:23:45.554466+00:00,0,,2024,false
425,21,2025,BIG BAG N°5,S103/2024,FAIR FOR LIFE,SGUSCIATE,9/11,1000,0,Vignanello,0,0.0066,0,0.0433,0,,,2026-06-23T14:23:45.554466+00:00,2026-06-23T14:23:45.554466+00:00,0,,2024,false
427,25,2025,BIG 7,AB06/2024,CONVENZIONALI,SGUSCIATE,13/15,1000,0,Fabbrica,0.007,0.0157,0,0.08,0,,,2026-06-23T14:23:45.554466+00:00,2026-06-23T14:23:45.554466+00:00,0,,2024,true
428,25,2025,BIG 8,AB06/2024,CONVENZIONALI,SGUSCIATE,13/15,1000,0,Fabbrica,0.011,0.02,0,0.08,0,,,2026-06-23T14:23:45.554466+00:00,2026-06-23T14:23:45.554466+00:00,0,,2024,true
432,25,2025,BIG 20,AB06/2024,CONVENZIONALI,SGUSCIATE,13/15,1000,0,Fabbrica,0.004,0.015,0,0.075,0,,,2026-06-23T14:23:45.554466+00:00,2026-06-23T14:23:45.554466+00:00,0,,2024,true
433,25,2025,BIG 21,AB06/2024,CONVENZIONALI,SGUSCIATE,13/15,1000,0,Fabbrica,0.004,0.015,0,0.06,0,,,2026-06-23T14:23:45.554466+00:00,2026-06-23T14:23:45.554466+00:00,0,,2024,true
434,25,2025,BIG 22,AB06/2024,CONVENZIONALI,SGUSCIATE,13/15,1000,0,Fabbrica,0.003,0.015,0,0.06,0,,,2026-06-23T14:23:45.554466+00:00,2026-06-23T14:23:45.554466+00:00,0,,2024,true
435,25,2025,BIG 23,AB06/2024,CONVENZIONALI,SGUSCIATE,13/15,1000,0,Fabbrica,0.008,0.025,0,0.075,0,,,2026-06-23T14:23:45.554466+00:00,2026-06-23T14:23:45.554466+00:00,0,,2024,true
436,25,2025,BIG 25,AB06/2024,CONVENZIONALI,SGUSCIATE,13/15,1000,0,Fabbrica,0.004,0.005,0,0.07,0,,,2026-06-23T14:23:45.554466+00:00,2026-06-23T14:23:45.554466+00:00,0,,2024,true
426,25,2025,BIG 2,AB06/2024,CONVENZIONALI,SGUSCIATE,13/15,1000,0,Fabbrica,0.004,0.02,0,0.06,0,,,2026-06-23T14:23:45.554466+00:00,2026-06-24T10:16:20.130827+00:00,0,,2024,true
431,25,2025,BIG 19,AB06/2024,CONVENZIONALI,SGUSCIATE,13/15,1000,0,Fabbrica,0.006,0.02,0,0.075,0,,,2026-06-23T14:23:45.554466+00:00,2026-06-24T10:16:22.403292+00:00,0,,2024,true
430,25,2025,BIG 17,AB06/2024,CONVENZIONALI,SGUSCIATE,13/15,1000,0,Fabbrica,0.006,0.02,0,0.06,0,,,2026-06-23T14:23:45.554466+00:00,2026-06-24T10:16:24.182981+00:00,0,,2024,true
429,25,2025,BIG 14,AB06/2024,CONVENZIONALI,SGUSCIATE,13/15,950,0,Fabbrica,0.009,0.015,0,0.105,0,,,2026-06-23T14:23:45.554466+00:00,2026-06-24T10:16:27.992176+00:00,0,,2024,true
301,18,2026,BIG 8,FI1459/2026,CONVENZIONALI,SGUSCIATE,13/15,1000,0,Fabbrica,0.009,0.0733,0,0.15,0,,,2026-06-23T14:23:26.179143+00:00,2026-06-23T14:23:26.179143+00:00,0,,2025,false
302,19,2026,BIG 9,FI1459/2026,CONVENZIONALI,SGUSCIATE,13/15,1000,0,Fabbrica,0.017,0.0666,0,0.1966,0,,,2026-06-23T14:23:26.179143+00:00,2026-06-23T14:23:26.179143+00:00,0,,2025,false
303,19,2026,BIG 10,FI1459/2026,CONVENZIONALI,SGUSCIATE,13/15,1000,0,Fabbrica,0.011,0.07,0,0.1333,0,,,2026-06-23T14:23:26.179143+00:00,2026-06-23T14:23:26.179143+00:00,0,,2025,false
304,19,2026,BIG 11,FI1459/2026,CONVENZIONALI,SGUSCIATE,13/15,1000,0,Fabbrica,0.012,0.0733,0,0.0866,0,,,2026-06-23T14:23:26.179143+00:00,2026-06-23T14:23:26.179143+00:00,0,,2025,false
305,19,2026,BIG 12,FI1459/2026,CONVENZIONALI,SGUSCIATE,13/15,1000,0,Fabbrica,0.015,0.08,0,0.0733,0,,,2026-06-23T14:23:26.179143+00:00,2026-06-23T14:23:26.179143+00:00,0,,2025,false
306,19,2026,BIG 13,FI1459/2026,CONVENZIONALI,SGUSCIATE,13/15,1000,0,Fabbrica,0.013,0.0666,0,0.0833,0,,,2026-06-23T14:23:26.179143+00:00,2026-06-23T14:23:26.179143+00:00,0,,2025,false
307,19,2026,BIG 14,FI1459/2026,CONVENZIONALI,SGUSCIATE,13/15,1000,0,Fabbrica,0.009,0.0466,0,0.1533,0,,,2026-06-23T14:23:26.179143+00:00,2026-06-23T14:23:26.179143+00:00,0,,2025,false
308,19,2026,BIG 15,FI1459/2026,CONVENZIONALI,SGUSCIATE,13/15,1000,0,Fabbrica,0.006,0.0566,0,0.1133,0,,,2026-06-23T14:23:26.179143+00:00,2026-06-23T14:23:26.179143+00:00,0,,2025,false
309,19,2026,BIG 16,FI1459/2026,CONVENZIONALI,SGUSCIATE,13/15,1000,0,Fabbrica,0.004,0.0366,0,0.0966,0,,,2026-06-23T14:23:26.179143+00:00,2026-06-23T14:23:26.179143+00:00,0,,2025,false
310,19,2026,BIG 17,FI1459/2026,CONVENZIONALI,SGUSCIATE,13/15,1000,0,Fabbrica,0.009,0.0633,0,0.0866,0,,,2026-06-23T14:23:26.179143+00:00,2026-06-23T14:23:26.179143+00:00,0,,2025,false
311,20,2026,BIG 18,FI1459/2026,CONVENZIONALI,SGUSCIATE,13/15,1000,0,Fabbrica,0.01,0.0566,0,0.09,0,,,2026-06-23T14:23:26.179143+00:00,2026-06-23T14:23:26.179143+00:00,0,,2025,false
312,20,2026,BIG 19,FI1459/2026,CONVENZIONALI,SGUSCIATE,13/15,1000,0,Fabbrica,0.008,0.0666,0,0.0866,0,,,2026-06-23T14:23:26.179143+00:00,2026-06-23T14:23:26.179143+00:00,0,,2025,false
313,20,2026,BIG 20,FI1459/2026,CONVENZIONALI,SGUSCIATE,13/15,1000,0,Fabbrica,0.008,0.0566,0,0.1133,0,,,2026-06-23T14:23:26.179143+00:00,2026-06-23T14:23:26.179143+00:00,0,,2025,false
314,20,2026,BIG 21,FI1459/2026,CONVENZIONALI,SGUSCIATE,13/15,1000,0,Fabbrica,0.007,0.0533,0,0.1233,0,,,2026-06-23T14:23:26.179143+00:00,2026-06-23T14:23:26.179143+00:00,0,,2025,false
315,20,2026,BIG 22,FI1459/2026,CONVENZIONALI,SGUSCIATE,13/15,1000,0,Fabbrica,0.016,0.08,0,0.1733,0,,,2026-06-23T14:23:26.179143+00:00,2026-06-23T14:23:26.179143+00:00,0,,2025,false
316,20,2026,BIG 23,FI1459/2026,CONVENZIONALI,SGUSCIATE,13/15,1000,0,Fabbrica,0.014,0.0666,0,0.1366,0,,,2026-06-23T14:23:26.179143+00:00,2026-06-23T14:23:26.179143+00:00,0,,2025,false
317,20,2026,BIG 24,FI1459/2026,CONVENZIONALI,SGUSCIATE,13/15,1000,0,Fabbrica,0.012,0.08,0,0.1566,0,,,2026-06-23T14:23:26.179143+00:00,2026-06-23T14:23:26.179143+00:00,0,,2025,false
318,20,2026,BIG 25,FI1459/2026,CONVENZIONALI,SGUSCIATE,13/15,1000,0,Fabbrica,0.01,0.0733,0,0.1233,0,,,2026-06-23T14:23:26.179143+00:00,2026-06-23T14:23:26.179143+00:00,0,,2025,false
319,20,2026,BIG 26,FI1459/2026,CONVENZIONALI,SGUSCIATE,13/15,1000,0,Fabbrica,0.011,0.07669,0,0.1366,0,,,2026-06-23T14:23:26.179143+00:00,2026-06-23T14:23:26.179143+00:00,0,,2025,false
320,20,2026,BIG 27,FI1459/2026,CONVENZIONALI,SGUSCIATE,13/15,1000,0,Fabbrica,0.012,0.0733,0,0.1166,0,,,2026-06-23T14:23:26.179143+00:00,2026-06-23T14:23:26.179143+00:00,0,,2025,false
321,20,2026,BIG 28,FI1459/2026,CONVENZIONALI,SGUSCIATE,13/15,704,0,Fabbrica,0.012,0.0733,0,0.1166,0,,,2026-06-23T14:23:26.179143+00:00,2026-06-23T14:23:26.179143+00:00,0,,2025,false
322,10,2026,BIG BAG N° 1,SO112025,CONVENZIONALI,ROTTAME,DA SCEGLIERE,1000,0,Fabbrica,0.05,0,0,0,0.01,,,2026-06-23T14:23:26.179143+00:00,2026-06-23T14:23:26.179143+00:00,0,,2025,false
323,10,2026,BIG BAG N° 2,SO112025,CONVENZIONALI,ROTTAME,DA SCEGLIERE,1000,0,Fabbrica,0.053,0,0,0,0.007,,,2026-06-23T14:23:26.179143+00:00,2026-06-23T14:23:26.179143+00:00,0,,2025,false
324,10,2026,BIG BAG N° 3,SO112025,CONVENZIONALI,ROTTAME,DA SCEGLIERE,567,0,Fabbrica,0.034,0,0,0,0.005,,,2026-06-23T14:23:26.179143+00:00,2026-06-23T14:23:26.179143+00:00,0,,2025,false
325,9,2026,BIG 6,SO11/2025,CONVENZIONALI,ROTTAME,DA SCEGLIERE,333,0,Fabbrica,0.348,0,0,0,0.006,,,2026-06-23T14:23:26.179143+00:00,2026-06-23T14:23:26.179143+00:00,0,,2025,false
326,17,2026,BIG 1,SO04/2026,CONVENZIONALI,ROTTAME,DA SCEGLIERE,994,0,Fabbrica,0,0,0,0,0,,,2026-06-23T14:23:26.179143+00:00,2026-06-23T14:23:26.179143+00:00,0,,2025,false
327,17,2026,BIG 2,SO04/2026,CONVENZIONALI,ROTTAME,DA SCEGLIERE,829,0,Fabbrica,0,0,0,0,0,,,2026-06-23T14:23:26.179143+00:00,2026-06-23T14:23:26.179143+00:00,0,,2025,false
328,17,2026,BIG 3,SO04/2026,CONVENZIONALI,ROTTAME,DA SCEGLIERE,802,0,Fabbrica,0,0,0,0,0,,,2026-06-23T14:23:26.179143+00:00,2026-06-23T14:23:26.179143+00:00,0,,2025,false
329,22,2026,BIG 1,SO05/2026,CONVENZIONALI,ROTTAME,DA SCEGLIERE,958,0,Vignanello,0.326,0,0,0,0.156,,,2026-06-23T14:23:26.179143+00:00,2026-06-23T14:23:26.179143+00:00,0,,2025,false
330,22,2026,BIG 2,SO05/2026,CONVENZIONALI,ROTTAME,DA SCEGLIERE,924,0,Vignanello,0.326,0,0,0,0.156,,,2026-06-23T14:23:26.179143+00:00,2026-06-23T14:23:26.179143+00:00,0,,2025,false
331,24,2026,BIG 1,SO062026,CONVENZIONALI,ROTTAME,DA SCEGLIERE,961,0,Vignanello,0.423,0,0,0,0.119,,,2026-06-23T14:23:26.179143+00:00,2026-06-23T14:23:26.179143+00:00,0,,2025,false
332,24,2026,BIG 2,SO062026,CONVENZIONALI,ROTTAME,DA SCEGLIERE,885,0,Vignanello,0.393,0,0,0,0.139,,,2026-06-23T14:23:26.179143+00:00,2026-06-23T14:23:26.179143+00:00,0,,2025,false
333,24,2026,BIG 3,SO062026,CONVENZIONALI,ROTTAME,DA SCEGLIERE,968,0,Vignanello,0.378,0,0,0,0.215,,,2026-06-23T14:23:26.179143+00:00,2026-06-23T14:23:26.179143+00:00,0,,2025,false
334,24,2026,BIG 4,SO062026,CONVENZIONALI,ROTTAME,DA SCEGLIERE,918,0,Vignanello,0.298,0,0,0,0.239,,,2026-06-23T14:23:26.179143+00:00,2026-06-23T14:23:26.179143+00:00,0,,2025,false
335,24,2026,BIG 5,SO062026,CONVENZIONALI,ROTTAME,DA SCEGLIERE,1040,0,Vignanello,0.109,0,0,0,0.002,,,2026-06-23T14:23:26.179143+00:00,2026-06-23T14:23:26.179143+00:00,0,,2025,false
336,18,2026,BIG 1,FI1459/2026,CONVENZIONALI,ROTTAME,DA SCEGLIERE,954,0,Fabbrica,0.253,0,0,0,0.169,,,2026-06-23T14:23:26.179143+00:00,2026-06-23T14:23:26.179143+00:00,0,,2025,false
337,19,2026,BIG 2,FI1459/2026,CONVENZIONALI,ROTTAME,DA SCEGLIERE,943,0,Fabbrica,0.253,0,0,0,0.169,,,2026-06-23T14:23:26.179143+00:00,2026-06-23T14:23:26.179143+00:00,0,,2025,false
338,19,2026,BIG 3,FI1459/2026,CONVENZIONALI,ROTTAME,DA SCEGLIERE,906,0,Fabbrica,0.253,0,0,0,0.169,,,2026-06-23T14:23:26.179143+00:00,2026-06-23T14:23:26.179143+00:00,0,,2025,false
339,19,2026,BIG 4,FI1459/2026,CONVENZIONALI,ROTTAME,DA SCEGLIERE,900,0,Fabbrica,0.286,0,0,0,0.231,,,2026-06-23T14:23:26.179143+00:00,2026-06-23T14:23:26.179143+00:00,0,,2025,false
340,20,2026,BIG 5,FI1459/2026,CONVENZIONALI,ROTTAME,DA SCEGLIERE,939,0,Fabbrica,0.335,0,0,0,0.192,,,2026-06-23T14:23:26.179143+00:00,2026-06-23T14:23:26.179143+00:00,0,,2025,false
341,20,2026,BIG 6,FI1459/2026,CONVENZIONALI,ROTTAME,DA SCEGLIERE,900,0,Fabbrica,0.296,0,0,0,0.076,,,2026-06-23T14:23:26.179143+00:00,2026-06-23T14:23:26.179143+00:00,0,,2025,false
342,20,2026,BIG 7,FI1459/2026,CONVENZIONALI,ROTTAME,DA SCEGLIERE,561,0,Fabbrica,0.306,0,0,0,0.013,,,2026-06-23T14:23:26.179143+00:00,2026-06-23T14:23:26.179143+00:00,0,,2025,false
343,18,2026,BIG BAG,FA04/2026,CONVENZIONALI,ROTTAME,ROTT.SGUSCIATRICE,887,0,Fabbrica,0.195,0,0,0,0.087,,,2026-06-23T14:23:26.179143+00:00,2026-06-23T14:23:26.179143+00:00,0.718,,2025,false
344,18,2026,BIG BAG,FA04/2026,CONVENZIONALI,ROTTAME,ROTT.SGUSCIATRICE,720,0,Fabbrica,0.193,0,0,0,0.022,,,2026-06-23T14:23:26.179143+00:00,2026-06-23T14:23:26.179143+00:00,0.785,,2025,false
345,18,2026,BIG BAG,FA04/2026,CONVENZIONALI,ROTTAME,ROTT.SGUSCIATRICE,928,0,Fabbrica,0.302,0,0,0,0.012,,,2026-06-23T14:23:26.179143+00:00,2026-06-23T14:23:26.179143+00:00,0.686,,2025,false
346,20,2026,BIG BAG,FA05/2026,CONVENZIONALI,ROTTAME,ROTT.SGUSCIATRICE,1104,0,Fabbrica,0.21,0,0,0,0,,,2026-06-23T14:23:26.179143+00:00,2026-06-23T14:23:26.179143+00:00,0.728,,2025,false
347,20,2026,BIG BAG,FA05/2026,CONVENZIONALI,ROTTAME,ROTT.SGUSCIATRICE,1084,0,Fabbrica,0.16,0,0,0,0,,,2026-06-23T14:23:26.179143+00:00,2026-06-23T14:23:26.179143+00:00,0.72,,2025,false
348,20,2026,BIG BAG,FA05/2026,CONVENZIONALI,ROTTAME,ROTT.SGUSCIATRICE,996,0,Fabbrica,0.126,0,0,0,0,,,2026-06-23T14:23:26.179143+00:00,2026-06-23T14:23:26.179143+00:00,0.86,,2025,false
349,18,2026,BIG03/2025,FI1459/2026,CONVENZIONALI,SCARTI,11/13,967,0,Fabbrica,0,0,0,0,0,,,2026-06-23T14:23:26.179143+00:00,2026-06-23T14:23:26.179143+00:00,0,,2025,false
350,18,2026,BIG03/2025,FI1459/2026,CONVENZIONALI,SCARTI,13/15,972,0,Fabbrica,0,0,0,0,0,,,2026-06-23T14:23:26.179143+00:00,2026-06-23T14:23:26.179143+00:00,0,,2025,false
417,14,2026,BIG BAG,,CONVENZIONALI,SGUSCIATE,DA SCEGLIERE,963,0,Fabbrica,0,0,0,0,0,,,2026-06-23T14:23:45.265902+00:00,2026-06-23T14:23:45.265902+00:00,0,,2024,false
418,14,2026,BIG BAG,,CONVENZIONALI,SGUSCIATE,DA SCEGLIERE,533,0,Fabbrica,0,0,0,0,0,,,2026-06-23T14:23:45.265902+00:00,2026-06-23T14:23:45.265902+00:00,0,,2024,false
419,15,2025,BIG BAG N°1,S101/2024,FAIR FOR LIFE,SGUSCIATE,9/11,1000,0,Vignanello,0.001,0.01,0,0.0433,0,,,2026-06-23T14:23:45.265902+00:00,2026-06-23T14:23:45.265902+00:00,0,,2024,false
420,19,2025,BIG BAG N°2,S102/2024,FAIR FOR LIFE,SGUSCIATE,9/11,1000,0,Vignanello,0.001,0.03,0,0.0366,0,,,2026-06-23T14:23:45.265902+00:00,2026-06-23T14:23:45.265902+00:00,0,,2024,false
421,21,2025,BIG BAG N°1,S103/2024,FAIR FOR LIFE,SGUSCIATE,9/11,1000,0,Vignanello,0.001,0.02,0,0.0533,0,,,2026-06-23T14:23:45.265902+00:00,2026-06-23T14:23:45.265902+00:00,0,,2024,false
422,21,2025,BIG BAG N°2,S103/2024,FAIR FOR LIFE,SGUSCIATE,9/11,1000,0,Vignanello,0.001,0.0166,0,0.05,0,,,2026-06-23T14:23:45.265902+00:00,2026-06-23T14:23:45.265902+00:00,0,,2024,false
423,21,2025,BIG BAG N°3,S103/2024,FAIR FOR LIFE,SGUSCIATE,9/11,1000,0,Vignanello,0.002,0.0233,0,0.0666,0,,,2026-06-23T14:23:45.265902+00:00,2026-06-23T14:23:45.265902+00:00,0,,2024,false
87,21,2026,BIG 7,FA05/2026,CONVENZIONALI,SGUSCIATE,9/11,1000,0,Fabbrica,0,0,0,0,0,,,2026-06-23T14:23:25.152235+00:00,2026-06-24T15:33:14.322346+00:00,0,,2025,false
85,17,2026,BIG 5,FA04/2026,CONVENZIONALI,SGUSCIATE,9/11,1000,0,Fabbrica,0.007,0.0166,0,0.0066,0,,,2026-06-23T14:23:25.152235+00:00,2026-06-24T15:33:17.535253+00:00,0.036,,2025,false
116,20,2026,BIG 30,FA05/2026,CONVENZIONALI,SGUSCIATE,11/13,1000,0,Fabbrica,0.003,0.0633,0,0.0433,0,,,2026-06-23T14:23:25.43434+00:00,2026-06-24T22:10:27.004562+00:00,0.015,,2025,false
1,43,2025,BIG BAG N° 3,S106/2025,BIOLOGICHE,SGUSCIATE,11/13,1000,0,Vignanello,0.001,0.0333,0,0.0966,0,,,2026-06-23T14:23:24.64299+00:00,2026-06-24T22:10:29.612024+00:00,0,,2025,false